Id,Label
1,14
2,35
3,12
4,9
5,10
6,72
7,63
8,13
9,0
10,0
11,16
12,0
13,10
14,12
15,49
16,64
17,8
18,15
19,21
20,32
21,49
22,6
23,13
24,9
25,45
26,6
27,27
28,7
29,9
30,81
31,42
32,40
33,14
34,20
35,25
36,4
37,24
38,54
39,30
40,8
41,64
42,0
43,7
44,21
45,0
46,1
47,11
48,32
49,35
50,17
51,45
52,5
53,30
54,3
55,6
56,3
57,8
58,30
59,28
60,25
61,72
62,0
63,32
64,4
65,64
66,0
67,72
68,4
69,35
70,6
71,0
72,8
73,25
74,18
75,14
76,35
77,81
78,45
79,1
80,0
81,0
82,7
83,2
84,0
85,25
86,25
87,72
88,42
89,0
90,12
91,42
92,17
93,0
94,0
95,0
96,30
97,16
98,64
99,0
100,12
101,21
102,45
103,36
104,17
105,4
106,54
107,0
108,0
109,0
110,30
111,0
112,10
113,5
114,25
115,15
116,21
117,11
118,18
119,30
120,0
121,2
122,63
123,49
124,0
125,3
126,56
127,0
128,4
129,30
130,6
131,12
132,27
133,81
134,25
135,20
136,27
137,35
138,16
139,24
140,16
141,35
142,9
143,14
144,17
145,64
146,1
147,35
148,81
149,0
150,6
151,0
152,16
153,0
154,0
155,20
156,0
157,64
158,3
159,0
160,0
161,14
162,0
163,6
164,30
165,17
166,8
167,81
168,10
169,25
170,0
171,8
172,21
173,0
174,13
175,13
176,0
177,49
178,9
179,8
180,30
181,25
182,3
183,16
184,0
185,0
186,42
187,56
188,0
189,25
190,21
191,0
192,0
193,35
194,17
195,9
196,6
197,17
198,27
199,5
200,10
201,0
202,1
203,14
204,21
205,9
206,0
207,0
208,24
209,32
210,14
211,81
212,0
213,6
214,0
215,11
216,0
217,45
218,12
219,1
220,21
221,24
222,45
223,24
224,32
225,17
226,0
227,0
228,15
229,0
230,27
231,0
232,9
233,56
234,30
235,45
236,0
237,3
238,9
239,11
240,32
241,2
242,56
243,45
244,0
245,0
246,0
247,63
248,2
249,8
250,35
251,54
252,0
253,5
254,12
255,25
256,42
257,0
258,45
259,42
260,0
261,2
262,4
263,11
264,10
265,20
266,27
267,81
268,0
269,45
270,0
271,48
272,4
273,17
274,30
275,0
276,36
277,45
278,0
279,64
280,0
281,1
282,0
283,0
284,54
285,0
286,20
287,8
288,56
289,64
290,48
291,0
292,72
293,0
294,35
295,48
296,72
297,27
298,16
299,10
300,0
301,21
302,24
303,35
304,7
305,10
306,45
307,30
308,17
309,42
310,35
311,12
312,6
313,7
314,14
315,63
316,56
317,11
318,48
319,0
320,28
321,0
322,45
323,13
324,18
325,0
326,0
327,4
328,64
329,17
330,15
331,13
332,0
333,6
334,8
335,45
336,45
337,3
338,18
339,0
340,12
341,18
342,32
343,17
344,17
345,5
346,0
347,8
348,35
349,0
350,8
351,6
352,0
353,42
354,0
355,45
356,45
357,4
358,6
359,35
360,0
361,0
362,42
363,21
364,56
365,14
366,0
367,72
368,7
369,10
370,35
371,35
372,8
373,0
374,11
375,17
376,6
377,4
378,11
379,45
380,4
381,0
382,64
383,4
384,48
385,64
386,7
387,11
388,2
389,48
390,9
391,0
392,5
393,13
394,8
395,49
396,0
397,0
398,0
399,0
400,72
401,4
402,64
403,1
404,72
405,48
406,48
407,3
408,56
409,18
410,27
411,5
412,10
413,4
414,7
415,0
416,27
417,0
418,6
419,0
420,5
421,13
422,6
423,4
424,0
425,9
426,0
427,28
428,56
429,0
430,42
431,8
432,30
433,8
434,0
435,54
436,14
437,27
438,72
439,20
440,35
441,12
442,56
443,21
444,20
445,45
446,2
447,0
448,35
449,0
450,0
451,20
452,3
453,0
454,54
455,5
456,6
457,0
458,48
459,30
460,63
461,42
462,15
463,18
464,9
465,0
466,16
467,3
468,0
469,28
470,0
471,45
472,25
473,0
474,21
475,9
476,6
477,11
478,16
479,0
480,56
481,10
482,14
483,0
484,0
485,0
486,0
487,45
488,12
489,42
490,14
491,27
492,13
493,0
494,63
495,0
496,54
497,81
498,27
499,45
500,13
501,12
502,10
503,42
504,45
505,0
506,0
507,9
508,0
509,0
510,13
511,32
512,12
513,45
514,56
515,17
516,25
517,8
518,0
519,8
520,0
521,7
522,0
523,30
524,4
525,56
526,45
527,12
528,45
529,0
530,63
531,0
532,6
533,0
534,16
535,42
536,2
537,28
538,9
539,3
540,21
541,20
542,63
543,21
544,9
545,6
546,28
547,42
548,32
549,30
550,27
551,5
552,0
553,4
554,0
555,17
556,9
557,32
558,30
559,11
560,0
561,0
562,11
563,45
564,8
565,56
566,20
567,12
568,25
569,0
570,40
571,35
572,12
573,48
574,10
575,0
576,0
577,0
578,14
579,72
580,40
581,21
582,48
583,0
584,42
585,12
586,17
587,45
588,6
589,40
590,0
591,9
592,8
593,28
594,28
595,0
596,11
597,40
598,36
599,0
600,0
601,30
602,21
603,4
604,42
605,16
606,5
607,5
608,15
609,48
610,45
611,7
612,81
613,17
614,0
615,45
616,0
617,27
618,32
619,54
620,2
621,6
622,32
623,45
624,0
625,32
626,8
627,72
628,12
629,17
630,14
631,20
632,27
633,7
634,0
635,0
636,36
637,35
638,1
639,28
640,48
641,8
642,0
643,17
644,14
645,13
646,12
647,32
648,17
649,36
650,81
651,56
652,15
653,72
654,11
655,6
656,20
657,6
658,0
659,9
660,0
661,25
662,17
663,5
664,36
665,7
666,64
667,0
668,8
669,45
670,8
671,0
672,20
673,10
674,9
675,14
676,49
677,8
678,45
679,1
680,12
681,8
682,0
683,16
684,24
685,27
686,17
687,40
688,56
689,17
690,0
691,21
692,7
693,8
694,6
695,35
696,28
697,25
698,13
699,13
700,3
701,25
702,30
703,42
704,4
705,27
706,6
707,35
708,49
709,12
710,27
711,12
712,45
713,24
714,3
715,42
716,15
717,3
718,10
719,5
720,0
721,12
722,1
723,16
724,7
725,81
726,4
727,40
728,32
729,1
730,6
731,8
732,54
733,56
734,56
735,0
736,9
737,40
738,32
739,45
740,15
741,0
742,9
743,6
744,2
745,12
746,49
747,0
748,40
749,0
750,56
751,17
752,8
753,42
754,6
755,13
756,30
757,0
758,72
759,4
760,54
761,30
762,20
763,0
764,12
765,0
766,21
767,10
768,21
769,12
770,8
771,25
772,27
773,16
774,56
775,28
776,8
777,45
778,0
779,45
780,49
781,0
782,40
783,48
784,18
785,10
786,8
787,13
788,12
789,8
790,2
791,54
792,72
793,27
794,9
795,48
796,17
797,12
798,9
799,36
800,0
801,64
802,25
803,30
804,15
805,13
806,7
807,0
808,27
809,40
810,36
811,8
812,20
813,45
814,40
815,13
816,35
817,49
818,8
819,35
820,3
821,48
822,2
823,17
824,5
825,14
826,13
827,21
828,45
829,64
830,9
831,30
832,35
833,7
834,45
835,0
836,35
837,8
838,13
839,49
840,6
841,36
842,40
843,27
844,28
845,27
846,0
847,72
848,81
849,0
850,11
851,8
852,10
853,1
854,63
855,49
856,17
857,3
858,13
859,25
860,2
861,56
862,24
863,21
864,15
865,0
866,45
867,0
868,9
869,72
870,35
871,35
872,30
873,0
874,6
875,12
876,0
877,0
878,30
879,32
880,49
881,21
882,6
883,7
884,20
885,1
886,35
887,48
888,63
889,40
890,25
891,30
892,8
893,35
894,30
895,0
896,8
897,72
898,10
899,32
900,21
901,0
902,8
903,0
904,27
905,21
906,6
907,0
908,0
909,0
910,15
911,4
912,24
913,72
914,40
915,20
916,6
917,0
918,45
919,13
920,14
921,11
922,0
923,21
924,0
925,0
926,45
927,0
928,1
929,30
930,3
931,0
932,24
933,8
934,54
935,27
936,27
937,14
938,48
939,12
940,3
941,30
942,11
943,13
944,45
945,54
946,8
947,18
948,0
949,8
950,15
951,15
952,56
953,13
954,72
955,0
956,27
957,63
958,36
959,49
960,14
961,9
962,2
963,0
964,36
965,42
966,36
967,9
968,10
969,0
970,81
971,8
972,2
973,1
974,42
975,0
976,40
977,0
978,27
979,0
980,42
981,15
982,9
983,3
984,0
985,0
986,36
987,0
988,28
989,1
990,72
991,10
992,0
993,0
994,3
995,0
996,9
997,81
998,64
999,12
1000,0
1001,0
1002,30
1003,0
1004,27
1005,49
1006,54
1007,0
1008,0
1009,42
1010,0
1011,15
1012,3
1013,6
1014,4
1015,49
1016,35
1017,0
1018,0
1019,27
1020,10
1021,0
1022,40
1023,54
1024,48
1025,9
1026,21
1027,4
1028,64
1029,20
1030,1
1031,9
1032,48
1033,17
1034,56
1035,8
1036,0
1037,0
1038,40
1039,8
1040,18
1041,0
1042,5
1043,40
1044,27
1045,2
1046,21
1047,21
1048,13
1049,64
1050,28
1051,13
1052,11
1053,72
1054,56
1055,24
1056,64
1057,0
1058,0
1059,21
1060,27
1061,42
1062,17
1063,9
1064,0
1065,21
1066,6
1067,6
1068,8
1069,42
1070,0
1071,13
1072,0
1073,0
1074,0
1075,13
1076,8
1077,3
1078,54
1079,1
1080,6
1081,1
1082,6
1083,28
1084,8
1085,8
1086,11
1087,8
1088,56
1089,18
1090,4
1091,35
1092,0
1093,40
1094,24
1095,1
1096,0
1097,35
1098,0
1099,15
1100,25
1101,0
1102,3
1103,63
1104,72
1105,32
1106,9
1107,3
1108,10
1109,0
1110,10
1111,4
1112,8
1113,8
1114,16
1115,0
1116,18
1117,17
1118,0
1119,12
1120,30
1121,20
1122,36
1123,11
1124,0
1125,40
1126,35
1127,30
1128,0
1129,56
1130,4
1131,35
1132,10
1133,6
1134,56
1135,64
1136,0
1137,14
1138,12
1139,63
1140,45
1141,14
1142,24
1143,8
1144,14
1145,45
1146,8
1147,9
1148,63
1149,42
1150,54
1151,12
1152,0
1153,15
1154,81
1155,9
1156,6
1157,1
1158,0
1159,56
1160,63
1161,64
1162,35
1163,14
1164,42
1165,15
1166,45
1167,0
1168,0
1169,0
1170,1
1171,49
1172,8
1173,13
1174,21
1175,1
1176,45
1177,56
1178,9
1179,64
1180,21
1181,28
1182,3
1183,6
1184,21
1185,13
1186,8
1187,48
1188,9
1189,3
1190,48
1191,0
1192,25
1193,9
1194,1
1195,27
1196,54
1197,25
1198,0
1199,63
1200,7
1201,6
1202,27
1203,0
1204,9
1205,14
1206,42
1207,56
1208,11
1209,18
1210,48
1211,72
1212,45
1213,16
1214,0
1215,42
1216,15
1217,49
1218,0
1219,40
1220,42
1221,18
1222,2
1223,11
1224,6
1225,36
1226,9
1227,9
1228,12
1229,6
1230,1
1231,0
1232,21
1233,42
1234,5
1235,3
1236,6
1237,28
1238,3
1239,21
1240,9
1241,3
1242,8
1243,8
1244,6
1245,45
1246,7
1247,0
1248,16
1249,12
1250,0
1251,64
1252,35
1253,81
1254,0
1255,13
1256,28
1257,45
1258,4
1259,36
1260,0
1261,0
1262,15
1263,30
1264,1
1265,0
1266,4
1267,18
1268,27
1269,24
1270,7
1271,9
1272,13
1273,27
1274,36
1275,20
1276,0
1277,0
1278,8
1279,32
1280,0
1281,8
1282,32
1283,8
1284,45
1285,64
1286,42
1287,14
1288,0
1289,10
1290,10
1291,17
1292,42
1293,21
1294,0
1295,16
1296,9
1297,49
1298,0
1299,54
1300,0
1301,0
1302,9
1303,0
1304,16
1305,64
1306,56
1307,30
1308,8
1309,45
1310,27
1311,63
1312,54
1313,36
1314,8
1315,5
1316,5
1317,0
1318,7
1319,0
1320,11
1321,9
1322,0
1323,15
1324,25
1325,9
1326,64
1327,20
1328,14
1329,0
1330,10
1331,45
1332,9
1333,0
1334,30
1335,6
1336,7
1337,54
1338,8
1339,24
1340,0
1341,11
1342,49
1343,8
1344,13
1345,15
1346,20
1347,20
1348,45
1349,54
1350,48
1351,2
1352,2
1353,45
1354,10
1355,10
1356,40
1357,0
1358,42
1359,21
1360,17
1361,3
1362,49
1363,10
1364,72
1365,2
1366,6
1367,0
1368,5
1369,4
1370,7
1371,12
1372,0
1373,5
1374,8
1375,6
1376,42
1377,35
1378,0
1379,20
1380,10
1381,28
1382,9
1383,0
1384,7
1385,1
1386,21
1387,12
1388,17
1389,63
1390,5
1391,64
1392,63
1393,0
1394,32
1395,0
1396,9
1397,17
1398,21
1399,9
1400,15
1401,0
1402,42
1403,32
1404,0
1405,8
1406,36
1407,14
1408,42
1409,6
1410,3
1411,27
1412,9
1413,36
1414,30
1415,45
1416,24
1417,27
1418,0
1419,81
1420,1
1421,27
1422,0
1423,32
1424,0
1425,17
1426,27
1427,11
1428,17
1429,18
1430,13
1431,0
1432,21
1433,0
1434,20
1435,0
1436,0
1437,64
1438,0
1439,9
1440,28
1441,8
1442,49
1443,54
1444,4
1445,45
1446,63
1447,42
1448,5
1449,17
1450,25
1451,0
1452,0
1453,11
1454,14
1455,9
1456,9
1457,81
1458,0
1459,15
1460,56
1461,0
1462,36
1463,0
1464,0
1465,12
1466,0
1467,28
1468,8
1469,45
1470,0
1471,14
1472,8
1473,0
1474,8
1475,27
1476,6
1477,72
1478,25
1479,5
1480,6
1481,5
1482,20
1483,4
1484,3
1485,13
1486,40
1487,18
1488,12
1489,13
1490,42
1491,5
1492,1
1493,9
1494,0
1495,0
1496,17
1497,16
1498,0
1499,7
1500,42
1501,11
1502,27
1503,10
1504,0
1505,18
1506,63
1507,14
1508,0
1509,32
1510,35
1511,28
1512,28
1513,72
1514,0
1515,48
1516,0
1517,7
1518,0
1519,48
1520,0
1521,10
1522,0
1523,25
1524,72
1525,40
1526,24
1527,48
1528,0
1529,7
1530,20
1531,64
1532,42
1533,6
1534,54
1535,64
1536,10
1537,48
1538,45
1539,8
1540,28
1541,48
1542,45
1543,0
1544,9
1545,9
1546,30
1547,30
1548,17
1549,21
1550,32
1551,56
1552,0
1553,9
1554,8
1555,81
1556,72
1557,0
1558,27
1559,4
1560,13
1561,45
1562,3
1563,42
1564,20
1565,6
1566,10
1567,3
1568,0
1569,17
1570,3
1571,48
1572,7
1573,12
1574,30
1575,8
1576,45
1577,56
1578,1
1579,32
1580,12
1581,9
1582,0
1583,18
1584,0
1585,45
1586,21
1587,6
1588,8
1589,28
1590,45
1591,10
1592,7
1593,54
1594,42
1595,10
1596,35
1597,45
1598,45
1599,13
1600,14
1601,8
1602,0
1603,72
1604,9
1605,9
1606,45
1607,0
1608,27
1609,11
1610,0
1611,81
1612,45
1613,25
1614,42
1615,5
1616,9
1617,0
1618,54
1619,35
1620,8
1621,27
1622,9
1623,49
1624,7
1625,56
1626,24
1627,9
1628,45
1629,0
1630,0
1631,0
1632,9
1633,0
1634,0
1635,25
1636,40
1637,56
1638,18
1639,3
1640,42
1641,13
1642,0
1643,14
1644,0
1645,30
1646,9
1647,30
1648,35
1649,12
1650,16
1651,0
1652,27
1653,9
1654,0
1655,0
1656,6
1657,0
1658,72
1659,16
1660,9
1661,40
1662,0
1663,24
1664,20
1665,0
1666,35
1667,0
1668,28
1669,35
1670,8
1671,9
1672,9
1673,0
1674,27
1675,8
1676,32
1677,0
1678,2
1679,0
1680,0
1681,48
1682,15
1683,63
1684,56
1685,9
1686,16
1687,11
1688,8
1689,42
1690,14
1691,63
1692,7
1693,9
1694,7
1695,54
1696,13
1697,16
1698,40
1699,0
1700,54
1701,0
1702,30
1703,49
1704,20
1705,2
1706,0
1707,20
1708,18
1709,0
1710,36
1711,10
1712,17
1713,16
1714,35
1715,0
1716,36
1717,81
1718,14
1719,12
1720,45
1721,45
1722,45
1723,11
1724,0
1725,15
1726,63
1727,9
1728,21
1729,0
1730,25
1731,0
1732,9
1733,21
1734,0
1735,4
1736,6
1737,3
1738,35
1739,5
1740,0
1741,64
1742,2
1743,0
1744,6
1745,48
1746,13
1747,45
1748,35
1749,18
1750,12
1751,21
1752,0
1753,36
1754,8
1755,6
1756,0
1757,81
1758,9
1759,0
1760,0
1761,1
1762,7
1763,63
1764,8
1765,8
1766,0
1767,27
1768,9
1769,56
1770,28
1771,8
1772,45
1773,6
1774,0
1775,0
1776,6
1777,20
1778,0
1779,45
1780,14
1781,27
1782,21
1783,17
1784,5
1785,4
1786,32
1787,5
1788,64
1789,0
1790,0
1791,36
1792,3
1793,45
1794,2
1795,17
1796,0
1797,15
1798,10
1799,7
1800,32
1801,0
1802,45
1803,24
1804,5
1805,4
1806,4
1807,25
1808,45
1809,0
1810,49
1811,35
1812,63
1813,28
1814,56
1815,4
1816,8
1817,8
1818,15
1819,8
1820,30
1821,16
1822,27
1823,0
1824,36
1825,0
1826,4
1827,10
1828,3
1829,45
1830,35
1831,6
1832,9
1833,28
1834,8
1835,0
1836,81
1837,28
1838,56
1839,13
1840,48
1841,0
1842,14
1843,45
1844,9
1845,9
1846,6
1847,64
1848,30
1849,72
1850,8
1851,30
1852,0
1853,0
1854,45
1855,8
1856,36
1857,6
1858,0
1859,21
1860,35
1861,1
1862,0
1863,81
1864,6
1865,13
1866,8
1867,8
1868,10
1869,25
1870,8
1871,10
1872,81
1873,40
1874,0
1875,0
1876,0
1877,8
1878,3
1879,12
1880,45
1881,11
1882,35
1883,12
1884,18
1885,63
1886,1
1887,72
1888,28
1889,0
1890,8
1891,8
1892,48
1893,6
1894,36
1895,6
1896,7
1897,24
1898,17
1899,36
1900,42
1901,25
1902,6
1903,0
1904,28
1905,63
1906,0
1907,13
1908,15
1909,0
1910,48
1911,13
1912,12
1913,9
1914,12
1915,5
1916,9
1917,12
1918,72
1919,16
1920,0
1921,48
1922,13
1923,24
1924,0
1925,9
1926,64
1927,11
1928,35
1929,9
1930,20
1931,0
1932,11
1933,21
1934,16
1935,7
1936,0
1937,10
1938,11
1939,11
1940,12
1941,45
1942,30
1943,8
1944,28
1945,8
1946,56
1947,72
1948,30
1949,12
1950,28
1951,0
1952,14
1953,14
1954,12
1955,4
1956,30
1957,0
1958,10
1959,25
1960,0
1961,0
1962,9
1963,25
1964,1
1965,48
1966,21
1967,56
1968,49
1969,64
1970,0
1971,42
1972,30
1973,0
1974,36
1975,0
1976,20
1977,0
1978,72
1979,4
1980,21
1981,15
1982,16
1983,10
1984,32
1985,4
1986,56
1987,8
1988,42
1989,7
1990,49
1991,27
1992,0
1993,8
1994,12
1995,0
1996,12
1997,42
1998,0
1999,8
2000,0
2001,30
2002,35
2003,72
2004,45
2005,35
2006,6
2007,3
2008,16
2009,40
2010,27
2011,16
2012,5
2013,0
2014,9
2015,0
2016,0
2017,30
2018,5
2019,0
2020,10
2021,35
2022,0
2023,63
2024,10
2025,8
2026,3
2027,10
2028,35
2029,6
2030,27
2031,0
2032,36
2033,48
2034,40
2035,4
2036,48
2037,0
2038,0
2039,8
2040,36
2041,0
2042,4
2043,0
2044,32
2045,40
2046,0
2047,30
2048,13
2049,48
2050,24
2051,6
2052,10
2053,49
2054,0
2055,18
2056,48
2057,32
2058,8
2059,30
2060,0
2061,30
2062,25
2063,0
2064,0
2065,30
2066,0
2067,10
2068,0
2069,17
2070,32
2071,42
2072,0
2073,0
2074,14
2075,10
2076,56
2077,0
2078,13
2079,0
2080,64
2081,28
2082,56
2083,49
2084,3
2085,8
2086,6
2087,14
2088,28
2089,0
2090,63
2091,12
2092,6
2093,8
2094,11
2095,27
2096,0
2097,0
2098,6
2099,63
2100,64
2101,4
2102,0
2103,27
2104,8
2105,14
2106,24
2107,8
2108,3
2109,6
2110,30
2111,0
2112,56
2113,21
2114,0
2115,12
2116,1
2117,45
2118,64
2119,8
2120,27
2121,0
2122,0
2123,6
2124,11
2125,0
2126,17
2127,48
2128,8
2129,0
2130,6
2131,30
2132,0
2133,4
2134,7
2135,0
2136,9
2137,0
2138,42
2139,45
2140,0
2141,8
2142,0
2143,9
2144,28
2145,0
2146,35
2147,28
2148,7
2149,35
2150,0
2151,14
2152,63
2153,32
2154,1
2155,45
2156,15
2157,18
2158,0
2159,40
2160,1
2161,72
2162,0
2163,21
2164,8
2165,10
2166,12
2167,7
2168,25
2169,0
2170,5
2171,12
2172,0
2173,54
2174,4
2175,72
2176,21
2177,10
2178,28
2179,2
2180,49
2181,0
2182,35
2183,25
2184,28
2185,9
2186,49
2187,48
2188,81
2189,15
2190,0
2191,9
2192,1
2193,6
2194,9
2195,72
2196,11
2197,12
2198,0
2199,1
2200,40
2201,49
2202,21
2203,45
2204,6
2205,36
2206,10
2207,17
2208,11
2209,45
2210,36
2211,0
2212,16
2213,3
2214,17
2215,36
2216,0
2217,7
2218,56
2219,21
2220,27
2221,36
2222,0
2223,9
2224,0
2225,24
2226,40
2227,40
2228,40
2229,8
2230,0
2231,0
2232,25
2233,11
2234,7
2235,0
2236,8
2237,45
2238,45
2239,64
2240,12
2241,10
2242,0
2243,21
2244,48
2245,0
2246,45
2247,0
2248,40
2249,4
2250,0
2251,2
2252,9
2253,16
2254,6
2255,36
2256,8
2257,0
2258,8
2259,35
2260,18
2261,0
2262,28
2263,42
2264,56
2265,0
2266,0
2267,27
2268,32
2269,48
2270,35
2271,0
2272,18
2273,0
2274,0
2275,35
2276,12
2277,45
2278,3
2279,27
2280,72
2281,9
2282,0
2283,63
2284,17
2285,48
2286,36
2287,25
2288,21
2289,0
2290,7
2291,0
2292,6
2293,21
2294,21
2295,0
2296,7
2297,0
2298,35
2299,17
2300,42
2301,0
2302,25
2303,63
2304,18
2305,25
2306,81
2307,21
2308,48
2309,0
2310,12
2311,0
2312,25
2313,0
2314,0
2315,3
2316,0
2317,0
2318,25
2319,16
2320,2
2321,2
2322,15
2323,9
2324,15
2325,8
2326,8
2327,8
2328,1
2329,1
2330,15
2331,27
2332,54
2333,28
2334,16
2335,35
2336,10
2337,0
2338,8
2339,72
2340,0
2341,5
2342,18
2343,21
2344,32
2345,0
2346,8
2347,3
2348,0
2349,13
2350,49
2351,6
2352,6
2353,12
2354,64
2355,63
2356,72
2357,36
2358,0
2359,0
2360,45
2361,7
2362,28
2363,16
2364,0
2365,21
2366,45
2367,0
2368,42
2369,56
2370,21
2371,42
2372,27
2373,5
2374,2
2375,42
2376,18
2377,1
2378,10
2379,9
2380,0
2381,0
2382,81
2383,0
2384,35
2385,13
2386,8
2387,12
2388,21
2389,4
2390,11
2391,21
2392,16
2393,14
2394,54
2395,56
2396,48
2397,30
2398,8
2399,9
2400,0
2401,0
2402,4
2403,8
2404,0
2405,3
2406,8
2407,30
2408,0
2409,5
2410,0
2411,6
2412,9
2413,0
2414,15
2415,0
2416,1
2417,54
2418,10
2419,21
2420,64
2421,9
2422,12
2423,6
2424,45
2425,63
2426,45
2427,0
2428,35
2429,0
2430,17
2431,4
2432,54
2433,28
2434,12
2435,0
2436,0
2437,0
2438,63
2439,35
2440,6
2441,4
2442,4
2443,18
2444,7
2445,11
2446,11
2447,1
2448,32
2449,24
2450,7
2451,56
2452,8
2453,5
2454,12
2455,6
2456,0
2457,17
2458,21
2459,0
2460,12
2461,28
2462,0
2463,81
2464,8
2465,11
2466,12
2467,42
2468,0
2469,0
2470,0
2471,45
2472,13
2473,8
2474,25
2475,56
2476,17
2477,6
2478,10
2479,48
2480,49
2481,17
2482,20
2483,0
2484,6
2485,27
2486,0
2487,0
2488,9
2489,56
2490,11
2491,2
2492,15
2493,0
2494,0
2495,0
2496,1
2497,27
2498,56
2499,21
2500,20
2501,17
2502,6
2503,3
2504,54
2505,0
2506,11
2507,30
2508,1
2509,0
2510,13
2511,12
2512,48
2513,45
2514,7
2515,17
2516,10
2517,81
2518,0
2519,12
2520,18
2521,12
2522,7
2523,1
2524,81
2525,14
2526,18
2527,42
2528,0
2529,0
2530,15
2531,17
2532,15
2533,8
2534,0
2535,42
2536,9
2537,30
2538,28
2539,0
2540,24
2541,18
2542,63
2543,8
2544,49
2545,72
2546,0
2547,15
2548,0
2549,56
2550,6
2551,0
2552,3
2553,0
2554,30
2555,20
2556,24
2557,0
2558,0
2559,15
2560,7
2561,24
2562,0
2563,17
2564,16
2565,64
2566,12
2567,9
2568,12
2569,27
2570,0
2571,7
2572,15
2573,40
2574,0
2575,63
2576,3
2577,15
2578,11
2579,18
2580,8
2581,8
2582,3
2583,32
2584,20
2585,28
2586,6
2587,56
2588,45
2589,42
2590,45
2591,9
2592,8
2593,42
2594,42
2595,32
2596,16
2597,4
2598,0
2599,2
2600,17
2601,20
2602,14
2603,6
2604,6
2605,0
2606,27
2607,11
2608,0
2609,9
2610,12
2611,3
2612,8
2613,4
2614,8
2615,2
2616,72
2617,35
2618,3
2619,0
2620,3
2621,9
2622,0
2623,6
2624,0
2625,64
2626,3
2627,10
2628,13
2629,0
2630,2
2631,42
2632,6
2633,0
2634,24
2635,2
2636,21
2637,9
2638,0
2639,5
2640,0
2641,42
2642,63
2643,15
2644,48
2645,48
2646,81
2647,0
2648,8
2649,14
2650,45
2651,10
2652,0
2653,4
2654,21
2655,54
2656,63
2657,24
2658,6
2659,10
2660,10
2661,16
2662,27
2663,40
2664,0
2665,18
2666,56
2667,45
2668,0
2669,17
2670,6
2671,0
2672,0
2673,24
2674,35
2675,9
2676,36
2677,56
2678,21
2679,21
2680,10
2681,16
2682,21
2683,12
2684,45
2685,6
2686,15
2687,0
2688,30
2689,0
2690,42
2691,8
2692,12
2693,5
2694,54
2695,3
2696,36
2697,4
2698,6
2699,12
2700,0
2701,0
2702,16
2703,4
2704,0
2705,72
2706,56
2707,8
2708,35
2709,0
2710,28
2711,49
2712,35
2713,27
2714,63
2715,14
2716,64
2717,0
2718,0
2719,24
2720,42
2721,6
2722,28
2723,17
2724,24
2725,49
2726,49
2727,0
2728,30
2729,45
2730,63
2731,21
2732,0
2733,4
2734,0
2735,21
2736,8
2737,9
2738,0
2739,28
2740,18
2741,54
2742,9
2743,0
2744,32
2745,9
2746,12
2747,18
2748,45
2749,0
2750,45
2751,10
2752,12
2753,20
2754,30
2755,36
2756,9
2757,15
2758,24
2759,35
2760,15
2761,48
2762,17
2763,72
2764,13
2765,27
2766,36
2767,0
2768,3
2769,0
2770,9
2771,0
2772,72
2773,12
2774,42
2775,25
2776,9
2777,4
2778,18
2779,48
2780,72
2781,20
2782,0
2783,0
2784,6
2785,9
2786,35
2787,0
2788,36
2789,6
2790,35
2791,40
2792,42
2793,0
2794,9
2795,2
2796,81
2797,0
2798,0
2799,64
2800,35
2801,21
2802,35
2803,56
2804,28
2805,14
2806,4
2807,1
2808,8
2809,12
2810,12
2811,28
2812,10
2813,18
2814,40
2815,28
2816,42
2817,9
2818,72
2819,28
2820,3
2821,16
2822,24
2823,3
2824,0
2825,17
2826,8
2827,11
2828,6
2829,72
2830,45
2831,0
2832,17
2833,8
2834,10
2835,21
2836,7
2837,27
2838,10
2839,4
2840,12
2841,40
2842,0
2843,8
2844,11
2845,0
2846,11
2847,13
2848,12
2849,27
2850,40
2851,13
2852,0
2853,54
2854,35
2855,7
2856,63
2857,1
2858,48
2859,0
2860,48
2861,0
2862,30
2863,8
2864,0
2865,56
2866,28
2867,21
2868,63
2869,54
2870,64
2871,10
2872,48
2873,0
2874,3
2875,7
2876,0
2877,7
2878,4
2879,25
2880,21
2881,0
2882,0
2883,1
2884,15
2885,64
2886,35
2887,6
2888,54
2889,17
2890,0
2891,27
2892,9
2893,42
2894,0
2895,64
2896,8
2897,8
2898,0
2899,9
2900,0
2901,3
2902,45
2903,6
2904,45
2905,0
2906,36
2907,15
2908,45
2909,63
2910,0
2911,8
2912,42
2913,10
2914,3
2915,42
2916,27
2917,54
2918,11
2919,0
2920,11
2921,16
2922,42
2923,56
2924,0
2925,30
2926,7
2927,7
2928,9
2929,63
2930,17
2931,2
2932,9
2933,7
2934,27
2935,15
2936,10
2937,30
2938,0
2939,24
2940,16
2941,36
2942,16
2943,0
2944,8
2945,0
2946,18
2947,64
2948,0
2949,0
2950,18
2951,0
2952,64
2953,0
2954,7
2955,45
2956,17
2957,0
2958,15
2959,64
2960,9
2961,3
2962,0
2963,0
2964,9
2965,9
2966,24
2967,0
2968,0
2969,8
2970,30
2971,49
2972,13
2973,5
2974,64
2975,0
2976,13
2977,36
2978,16
2979,0
2980,12
2981,0
2982,0
2983,6
2984,45
2985,35
2986,17
2987,21
2988,0
2989,45
2990,0
2991,56
2992,9
2993,0
2994,0
2995,3
2996,56
2997,17
2998,49
2999,27
3000,24
3001,0
3002,63
3003,21
3004,5
3005,16
3006,25
3007,32
3008,48
3009,6
3010,2
3011,18
3012,3
3013,0
3014,12
3015,10
3016,36
3017,3
3018,0
3019,28
3020,8
3021,0
3022,25
3023,0
3024,42
3025,56
3026,48
3027,0
3028,17
3029,0
3030,24
3031,36
3032,9
3033,10
3034,64
3035,27
3036,17
3037,5
3038,0
3039,1
3040,0
3041,20
3042,49
3043,0
3044,17
3045,16
3046,6
3047,4
3048,25
3049,0
3050,27
3051,35
3052,81
3053,25
3054,30
3055,64
3056,1
3057,11
3058,54
3059,13
3060,0
3061,20
3062,0
3063,5
3064,0
3065,12
3066,11
3067,28
3068,6
3069,35
3070,1
3071,9
3072,9
3073,14
3074,17
3075,30
3076,15
3077,49
3078,28
3079,0
3080,6
3081,72
3082,16
3083,18
3084,0
3085,9
3086,0
3087,48
3088,45
3089,28
3090,5
3091,63
3092,0
3093,28
3094,56
3095,8
3096,10
3097,20
3098,42
3099,25
3100,24
3101,0
3102,18
3103,30
3104,30
3105,56
3106,21
3107,63
3108,56
3109,6
3110,5
3111,0
3112,5
3113,10
3114,0
3115,8
3116,14
3117,27
3118,18
3119,12
3120,11
3121,0
3122,30
3123,15
3124,24
3125,0
3126,72
3127,45
3128,12
3129,0
3130,45
3131,35
3132,9
3133,6
3134,48
3135,6
3136,18
3137,7
3138,15
3139,35
3140,36
3141,21
3142,6
3143,24
3144,25
3145,30
3146,56
3147,30
3148,0
3149,32
3150,0
3151,45
3152,5
3153,32
3154,0
3155,18
3156,63
3157,15
3158,49
3159,11
3160,10
3161,20
3162,32
3163,7
3164,18
3165,11
3166,12
3167,56
3168,15
3169,7
3170,45
3171,28
3172,11
3173,24
3174,0
3175,9
3176,35
3177,0
3178,0
3179,0
3180,16
3181,56
3182,56
3183,56
3184,6
3185,72
3186,81
3187,0
3188,9
3189,16
3190,1
3191,81
3192,72
3193,28
3194,8
3195,9
3196,8
3197,48
3198,49
3199,45
3200,0
3201,25
3202,0
3203,24
3204,0
3205,63
3206,0
3207,16
3208,0
3209,0
3210,5
3211,0
3212,12
3213,0
3214,36
3215,1
3216,4
3217,0
3218,24
3219,12
3220,45
3221,7
3222,56
3223,2
3224,56
3225,72
3226,54
3227,8
3228,72
3229,6
3230,6
3231,0
3232,9
3233,72
3234,0
3235,9
3236,16
3237,18
3238,12
3239,49
3240,0
3241,54
3242,45
3243,12
3244,45
3245,0
3246,3
3247,1
3248,40
3249,8
3250,28
3251,48
3252,0
3253,36
3254,10
3255,64
3256,42
3257,35
3258,48
3259,12
3260,54
3261,9
3262,48
3263,48
3264,17
3265,35
3266,11
3267,11
3268,17
3269,0
3270,45
3271,0
3272,13
3273,64
3274,0
3275,25
3276,0
3277,0
3278,5
3279,0
3280,0
3281,63
3282,6
3283,10
3284,18
3285,6
3286,0
3287,17
3288,7
3289,16
3290,36
3291,72
3292,49
3293,0
3294,12
3295,56
3296,12
3297,9
3298,0
3299,6
3300,45
3301,0
3302,0
3303,12
3304,63
3305,12
3306,36
3307,8
3308,3
3309,9
3310,4
3311,9
3312,8
3313,8
3314,9
3315,8
3316,40
3317,27
3318,48
3319,20
3320,6
3321,24
3322,0
3323,8
3324,42
3325,8
3326,0
3327,42
3328,0
3329,0
3330,21
3331,63
3332,9
3333,0
3334,4
3335,35
3336,48
3337,49
3338,0
3339,0
3340,3
3341,28
3342,7
3343,45
3344,45
3345,8
3346,45
3347,63
3348,10
3349,12
3350,56
3351,72
3352,6
3353,72
3354,12
3355,13
3356,6
3357,5
3358,12
3359,45
3360,21
3361,9
3362,35
3363,49
3364,0
3365,30
3366,35
3367,8
3368,1
3369,15
3370,24
3371,0
3372,14
3373,28
3374,45
3375,0
3376,30
3377,21
3378,0
3379,20
3380,27
3381,0
3382,1
3383,45
3384,8
3385,0
3386,0
3387,0
3388,10
3389,7
3390,12
3391,30
3392,18
3393,0
3394,42
3395,24
3396,36
3397,11
3398,28
3399,0
3400,49
3401,27
3402,16
3403,35
3404,36
3405,8
3406,13
3407,21
3408,0
3409,0
3410,0
3411,0
3412,0
3413,54
3414,0
3415,21
3416,12
3417,42
3418,8
3419,48
3420,6
3421,42
3422,3
3423,32
3424,2
3425,0
3426,54
3427,72
3428,45
3429,0
3430,48
3431,42
3432,28
3433,1
3434,32
3435,14
3436,0
3437,6
3438,9
3439,81
3440,21
3441,4
3442,30
3443,0
3444,45
3445,9
3446,1
3447,7
3448,56
3449,35
3450,7
3451,45
3452,17
3453,42
3454,8
3455,8
3456,10
3457,6
3458,54
3459,0
3460,0
3461,8
3462,25
3463,24
3464,8
3465,0
3466,0
3467,0
3468,14
3469,20
3470,21
3471,28
3472,36
3473,13
3474,3
3475,0
3476,45
3477,0
3478,4
3479,0
3480,0
3481,63
3482,0
3483,81
3484,20
3485,32
3486,6
3487,35
3488,8
3489,0
3490,16
3491,45
3492,12
3493,7
3494,0
3495,0
3496,28
3497,7
3498,35
3499,0
3500,17
3501,20
3502,8
3503,12
3504,16
3505,72
3506,36
3507,2
3508,0
3509,25
3510,12
3511,9
3512,40
3513,0
3514,8
3515,8
3516,0
3517,10
3518,9
3519,12
3520,9
3521,81
3522,15
3523,10
3524,27
3525,36
3526,3
3527,32
3528,49
3529,32
3530,32
3531,8
3532,8
3533,17
3534,45
3535,0
3536,35
3537,30
3538,0
3539,0
3540,8
3541,0
3542,49
3543,64
3544,8
3545,0
3546,12
3547,35
3548,28
3549,72
3550,64
3551,6
3552,20
3553,17
3554,3
3555,0
3556,40
3557,0
3558,0
3559,32
3560,9
3561,72
3562,10
3563,9
3564,27
3565,0
3566,40
3567,42
3568,8
3569,30
3570,16
3571,6
3572,12
3573,0
3574,0
3575,0
3576,6
3577,8
3578,32
3579,28
3580,17
3581,72
3582,36
3583,0
3584,56
3585,15
3586,25
3587,14
3588,10
3589,64
3590,6
3591,25
3592,8
3593,0
3594,42
3595,42
3596,12
3597,6
3598,14
3599,18
3600,2
3601,11
3602,0
3603,14
3604,27
3605,0
3606,0
3607,0
3608,2
3609,40
3610,10
3611,45
3612,14
3613,0
3614,0
3615,20
3616,56
3617,48
3618,25
3619,10
3620,14
3621,35
3622,27
3623,7
3624,8
3625,0
3626,56
3627,63
3628,5
3629,25
3630,4
3631,63
3632,10
3633,0
3634,42
3635,42
3636,30
3637,13
3638,21
3639,56
3640,14
3641,20
3642,0
3643,48
3644,5
3645,45
3646,10
3647,64
3648,15
3649,16
3650,0
3651,15
3652,0
3653,63
3654,12
3655,35
3656,17
3657,45
3658,11
3659,2
3660,56
3661,9
3662,0
3663,24
3664,54
3665,8
3666,0
3667,63
3668,16
3669,10
3670,30
3671,48
3672,18
3673,48
3674,7
3675,27
3676,2
3677,0
3678,17
3679,13
3680,0
3681,48
3682,13
3683,10
3684,0
3685,42
3686,6
3687,0
3688,42
3689,0
3690,56
3691,48
3692,3
3693,35
3694,0
3695,21
3696,20
3697,49
3698,16
3699,0
3700,17
3701,0
3702,0
3703,12
3704,0
3705,64
3706,17
3707,45
3708,63
3709,13
3710,21
3711,56
3712,21
3713,10
3714,40
3715,42
3716,0
3717,45
3718,36
3719,40
3720,15
3721,1
3722,1
3723,5
3724,4
3725,45
3726,56
3727,49
3728,28
3729,10
3730,9
3731,8
3732,28
3733,10
3734,48
3735,28
3736,81
3737,0
3738,72
3739,11
3740,4
3741,10
3742,72
3743,0
3744,72
3745,6
3746,32
3747,12
3748,0
3749,18
3750,24
3751,2
3752,48
3753,30
3754,9
3755,32
3756,3
3757,0
3758,21
3759,2
3760,14
3761,81
3762,12
3763,42
3764,9
3765,64
3766,40
3767,25
3768,1
3769,0
3770,17
3771,35
3772,0
3773,15
3774,10
3775,0
3776,7
3777,12
3778,10
3779,54
3780,36
3781,25
3782,0
3783,0
3784,12
3785,0
3786,0
3787,21
3788,0
3789,5
3790,48
3791,0
3792,36
3793,24
3794,64
3795,8
3796,36
3797,30
3798,27
3799,42
3800,35
3801,9
3802,30
3803,40
3804,48
3805,9
3806,56
3807,3
3808,1
3809,6
3810,36
3811,10
3812,9
3813,0
3814,21
3815,10
3816,81
3817,17
3818,9
3819,18
3820,0
3821,0
3822,45
3823,4
3824,64
3825,6
3826,20
3827,24
3828,2
3829,5
3830,6
3831,32
3832,2
3833,0
3834,8
3835,45
3836,32
3837,30
3838,32
3839,8
3840,27
3841,30
3842,14
3843,25
3844,40
3845,0
3846,1
3847,48
3848,4
3849,0
3850,4
3851,64
3852,25
3853,15
3854,72
3855,9
3856,0
3857,30
3858,40
3859,45
3860,72
3861,1
3862,45
3863,0
3864,10
3865,6
3866,16
3867,0
3868,13
3869,21
3870,27
3871,28
3872,36
3873,6
3874,72
3875,3
3876,48
3877,32
3878,5
3879,21
3880,48
3881,0
3882,0
3883,45
3884,17
3885,0
3886,9
3887,12
3888,81
3889,16
3890,5
3891,25
3892,45
3893,8
3894,17
3895,0
3896,6
3897,16
3898,40
3899,21
3900,72
3901,0
3902,28
3903,9
3904,0
3905,72
3906,40
3907,45
3908,48
3909,40
3910,0
3911,9
3912,9
3913,48
3914,24
3915,35
3916,40
3917,0
3918,81
3919,12
3920,64
3921,20
3922,8
3923,32
3924,16
3925,15
3926,6
3927,8
3928,1
3929,35
3930,7
3931,35
3932,56
3933,11
3934,1
3935,8
3936,28
3937,8
3938,27
3939,48
3940,9
3941,28
3942,0
3943,48
3944,3
3945,2
3946,0
3947,28
3948,12
3949,0
3950,2
3951,27
3952,56
3953,0
3954,45
3955,0
3956,81
3957,4
3958,32
3959,54
3960,0
3961,16
3962,2
3963,4
3964,21
3965,8
3966,9
3967,64
3968,8
3969,0
3970,0
3971,0
3972,3
3973,6
3974,81
3975,30
3976,9
3977,18
3978,27
3979,14
3980,54
3981,0
3982,0
3983,48
3984,45
3985,4
3986,54
3987,12
3988,0
3989,18
3990,0
3991,64
3992,6
3993,7
3994,0
3995,11
3996,2
3997,45
3998,7
3999,0
4000,10
4001,25
4002,56
4003,35
4004,0
4005,0
4006,30
4007,13
4008,5
4009,0
4010,4
4011,49
4012,30
4013,28
4014,13
4015,7
4016,0
4017,36
4018,49
4019,63
4020,56
4021,7
4022,11
4023,56
4024,0
4025,0
4026,45
4027,12
4028,12
4029,21
4030,0
4031,6
4032,15
4033,3
4034,25
4035,30
4036,10
4037,45
4038,0
4039,21
4040,45
4041,25
4042,24
4043,32
4044,0
4045,0
4046,14
4047,63
4048,4
4049,12
4050,0
4051,36
4052,12
4053,0
4054,56
4055,11
4056,25
4057,81
4058,0
4059,35
4060,12
4061,0
4062,28
4063,35
4064,16
4065,0
4066,49
4067,11
4068,0
4069,10
4070,13
4071,40
4072,56
4073,25
4074,6
4075,20
4076,72
4077,0
4078,0
4079,35
4080,0
4081,3
4082,8
4083,1
4084,14
4085,42
4086,9
4087,0
4088,54
4089,35
4090,21
4091,9
4092,0
4093,0
4094,24
4095,12
4096,16
4097,6
4098,9
4099,81
4100,24
4101,27
4102,0
4103,8
4104,35
4105,24
4106,48
4107,9
4108,81
4109,1
4110,10
4111,15
4112,9
4113,10
4114,7
4115,56
4116,45
4117,64
4118,0
4119,49
4120,35
4121,0
4122,24
4123,30
4124,36
4125,56
4126,9
4127,7
4128,0
4129,36
4130,0
4131,28
4132,56
4133,14
4134,21
4135,0
4136,42
4137,8
4138,49
4139,48
4140,0
4141,9
4142,0
4143,25
4144,45
4145,4
4146,4
4147,3
4148,30
4149,0
4150,18
4151,0
4152,54
4153,11
4154,56
4155,0
4156,15
4157,0
4158,3
4159,1
4160,0
4161,35
4162,0
4163,9
4164,14
4165,30
4166,16
4167,0
4168,9
4169,0
4170,0
4171,0
4172,81
4173,0
4174,0
4175,18
4176,0
4177,17
4178,24
4179,0
4180,32
4181,35
4182,49
4183,6
4184,45
4185,35
4186,8
4187,12
4188,10
4189,36
4190,0
4191,0
4192,49
4193,0
4194,9
4195,30
4196,30
4197,54
4198,12
4199,0
4200,45
4201,6
4202,63
4203,32
4204,36
4205,28
4206,48
4207,0
4208,17
4209,0
4210,16
4211,25
4212,45
4213,16
4214,14
4215,11
4216,45
4217,0
4218,6
4219,12
4220,0
4221,18
4222,8
4223,49
4224,6
4225,16
4226,30
4227,72
4228,0
4229,8
4230,0
4231,48
4232,48
4233,48
4234,0
4235,0
4236,20
4237,49
4238,72
4239,40
4240,18
4241,0
4242,0
4243,0
4244,49
4245,17
4246,3
4247,16
4248,40
4249,45
4250,17
4251,11
4252,42
4253,27
4254,3
4255,35
4256,25
4257,49
4258,12
4259,0
4260,11
4261,11
4262,28
4263,72
4264,14
4265,56
4266,81
4267,9
4268,35
4269,14
4270,17
4271,36
4272,32
4273,11
4274,56
4275,63
4276,0
4277,0
4278,30
4279,5
4280,30
4281,0
4282,9
4283,54
4284,45
4285,0
4286,42
4287,45
4288,9
4289,6
4290,0
4291,4
4292,7
4293,4
4294,49
4295,9
4296,12
4297,0
4298,9
4299,10
4300,0
4301,9
4302,0
4303,1
4304,25
4305,30
4306,7
4307,9
4308,45
4309,15
4310,0
4311,16
4312,0
4313,0
4314,13
4315,35
4316,0
4317,0
4318,45
4319,28
4320,28
4321,8
4322,45
4323,42
4324,21
4325,56
4326,63
4327,40
4328,63
4329,11
4330,0
4331,48
4332,9
4333,9
4334,5
4335,0
4336,0
4337,4
4338,36
4339,16
4340,72
4341,9
4342,11
4343,35
4344,24
4345,15
4346,0
4347,0
4348,9
4349,27
4350,21
4351,4
4352,17
4353,48
4354,4
4355,28
4356,0
4357,25
4358,5
4359,40
4360,17
4361,6
4362,0
4363,13
4364,45
4365,32
4366,9
4367,42
4368,27
4369,48
4370,54
4371,8
4372,25
4373,45
4374,11
4375,6
4376,6
4377,10
4378,0
4379,0
4380,28
4381,49
4382,35
4383,49
4384,15
4385,17
4386,12
4387,35
4388,12
4389,56
4390,7
4391,28
4392,21
4393,45
4394,0
4395,54
4396,8
4397,27
4398,9
4399,40
4400,42
4401,12
4402,5
4403,45
4404,14
4405,20
4406,10
4407,4
4408,21
4409,63
4410,49
4411,4
4412,20
4413,72
4414,72
4415,0
4416,12
4417,36
4418,54
4419,45
4420,10
4421,3
4422,14
4423,25
4424,63
4425,32
4426,8
4427,35
4428,15
4429,16
4430,9
4431,0
4432,14
4433,2
4434,0
4435,54
4436,32
4437,0
4438,11
4439,35
4440,13
4441,0
4442,81
4443,45
4444,9
4445,1
4446,0
4447,0
4448,28
4449,0
4450,20
4451,32
4452,56
4453,0
4454,0
4455,18
4456,24
4457,9
4458,0
4459,9
4460,0
4461,42
4462,0
4463,27
4464,0
4465,48
4466,30
4467,27
4468,0
4469,14
4470,54
4471,21
4472,7
4473,9
4474,7
4475,6
4476,0
4477,12
4478,35
4479,45
4480,7
4481,3
4482,9
4483,13
4484,16
4485,35
4486,7
4487,14
4488,63
4489,42
4490,81
4491,7
4492,17
4493,15
4494,21
4495,4
4496,0
4497,0
4498,25
4499,0
4500,6
4501,35
4502,0
4503,0
4504,40
4505,32
4506,15
4507,45
4508,45
4509,8
4510,0
4511,72
4512,0
4513,10
4514,15
4515,45
4516,0
4517,45
4518,6
4519,8
4520,6
4521,18
4522,0
4523,36
4524,17
4525,7
4526,16
4527,20
4528,7
4529,36
4530,0
4531,21
4532,0
4533,0
4534,1
4535,54
4536,27
4537,0
4538,27
4539,48
4540,8
4541,9
4542,81
4543,0
4544,0
4545,30
4546,24
4547,12
4548,3
4549,15
4550,35
4551,4
4552,0
4553,9
4554,72
4555,64
4556,12
4557,16
4558,10
4559,10
4560,13
4561,54
4562,1
4563,63
4564,7
4565,21
4566,45
4567,0
4568,72
4569,0
4570,0
4571,48
4572,24
4573,12
4574,0
4575,0
4576,10
4577,45
4578,54
4579,24
4580,28
4581,35
4582,0
4583,2
4584,27
4585,0
4586,21
4587,2
4588,18
4589,1
4590,72
4591,18
4592,9
4593,11
4594,27
4595,35
4596,48
4597,5
4598,36
4599,11
4600,0
4601,48
4602,21
4603,0
4604,36
4605,0
4606,8
4607,6
4608,17
4609,24
4610,36
4611,0
4612,6
4613,9
4614,0
4615,7
4616,21
4617,48
4618,54
4619,3
4620,2
4621,4
4622,64
4623,25
4624,2
4625,24
4626,0
4627,0
4628,4
4629,45
4630,6
4631,0
4632,25
4633,16
4634,12
4635,0
4636,3
4637,0
4638,64
4639,24
4640,16
4641,17
4642,64
4643,0
4644,9
4645,4
4646,0
4647,8
4648,42
4649,48
4650,4
4651,64
4652,15
4653,45
4654,42
4655,8
4656,0
4657,45
4658,0
4659,0
4660,9
4661,9
4662,0
4663,21
4664,11
4665,6
4666,81
4667,42
4668,1
4669,27
4670,9
4671,7
4672,1
4673,17
4674,16
4675,21
4676,0
4677,45
4678,8
4679,35
4680,0
4681,56
4682,0
4683,40
4684,27
4685,1
4686,27
4687,35
4688,6
4689,15
4690,8
4691,72
4692,0
4693,0
4694,6
4695,0
4696,1
4697,21
4698,40
4699,24
4700,12
4701,20
4702,4
4703,63
4704,0
4705,1
4706,9
4707,35
4708,12
4709,0
4710,28
4711,4
4712,28
4713,7
4714,9
4715,17
4716,10
4717,10
4718,30
4719,40
4720,0
4721,0
4722,0
4723,1
4724,0
4725,10
4726,63
4727,12
4728,42
4729,0
4730,15
4731,15
4732,45
4733,9
4734,15
4735,0
4736,13
4737,1
4738,9
4739,0
4740,54
4741,54
4742,63
4743,18
4744,63
4745,0
4746,56
4747,0
4748,9
4749,0
4750,9
4751,21
4752,8
4753,54
4754,1
4755,14
4756,28
4757,27
4758,0
4759,9
4760,6
4761,30
4762,15
4763,0
4764,32
4765,21
4766,18
4767,63
4768,9
4769,12
4770,4
4771,8
4772,0
4773,10
4774,35
4775,25
4776,9
4777,0
4778,8
4779,12
4780,45
4781,6
4782,1
4783,1
4784,42
4785,6
4786,14
4787,0
4788,6
4789,0
4790,48
4791,3
4792,0
4793,45
4794,0
4795,45
4796,11
4797,6
4798,54
4799,9
4800,28
4801,2
4802,14
4803,0
4804,48
4805,12
4806,11
4807,49
4808,0
4809,32
4810,4
4811,40
4812,45
4813,3
4814,0
4815,1
4816,13
4817,0
4818,12
4819,17
4820,45
4821,0
4822,7
4823,11
4824,0
4825,13
4826,45
4827,21
4828,21
4829,16
4830,0
4831,63
4832,9
4833,6
4834,0
4835,0
4836,10
4837,17
4838,32
4839,25
4840,5
4841,0
4842,21
4843,10
4844,64
4845,45
4846,15
4847,12
4848,6
4849,10
4850,0
4851,0
4852,54
4853,28
4854,7
4855,6
4856,72
4857,45
4858,45
4859,8
4860,16
4861,7
4862,5
4863,9
4864,27
4865,7
4866,11
4867,3
4868,36
4869,42
4870,0
4871,6
4872,17
4873,0
4874,56
4875,2
4876,27
4877,45
4878,14
4879,1
4880,12
4881,45
4882,14
4883,8
4884,0
4885,36
4886,0
4887,0
4888,20
4889,45
4890,5
4891,0
4892,36
4893,0
4894,27
4895,21
4896,9
4897,0
4898,4
4899,0
4900,35
4901,42
4902,0
4903,32
4904,56
4905,30
4906,8
4907,36
4908,32
4909,4
4910,0
4911,0
4912,10
4913,8
4914,10
4915,17
4916,14
4917,8
4918,8
4919,54
4920,25
4921,18
4922,0
4923,0
4924,12
4925,4
4926,32
4927,11
4928,32
4929,9
4930,16
4931,0
4932,81
4933,25
4934,42
4935,32
4936,21
4937,10
4938,0
4939,0
4940,13
4941,4
4942,28
4943,0
4944,10
4945,7
4946,25
4947,64
4948,30
4949,21
4950,28
4951,14
4952,18
4953,32
4954,0
4955,32
4956,7
4957,9
4958,12
4959,3
4960,0
4961,20
4962,45
4963,12
4964,0
4965,0
4966,6
4967,10
4968,7
4969,21
4970,0
4971,45
4972,7
4973,11
4974,0
4975,0
4976,0
4977,8
4978,35
4979,64
4980,17
4981,54
4982,35
4983,12
4984,3
4985,42
4986,0
4987,12
4988,72
4989,17
4990,9
4991,0
4992,4
4993,32
4994,10
4995,45
4996,63
4997,45
4998,48
4999,0
5000,72
5001,32
5002,9
5003,17
5004,72
5005,11
5006,36
5007,56
5008,56
5009,0
5010,72
5011,45
5012,21
5013,1
5014,81
5015,3
5016,72
5017,8
5018,6
5019,0
5020,8
5021,12
5022,0
5023,0
5024,49
5025,10
5026,12
5027,2
5028,35
5029,0
5030,7
5031,17
5032,0
5033,54
5034,12
5035,21
5036,21
5037,0
5038,7
5039,30
5040,36
5041,12
5042,27
5043,21
5044,13
5045,13
5046,49
5047,12
5048,0
5049,35
5050,0
5051,17
5052,72
5053,32
5054,21
5055,18
5056,8
5057,13
5058,0
5059,8
5060,8
5061,48
5062,8
5063,35
5064,17
5065,28
5066,30
5067,3
5068,15
5069,32
5070,25
5071,8
5072,18
5073,9
5074,18
5075,25
5076,11
5077,25
5078,18
5079,8
5080,11
5081,0
5082,0
5083,54
5084,8
5085,9
5086,0
5087,18
5088,1
5089,72
5090,35
5091,35
5092,12
5093,45
5094,8
5095,17
5096,48
5097,0
5098,17
5099,54
5100,24
5101,28
5102,64
5103,18
5104,0
5105,0
5106,27
5107,45
5108,40
5109,1
5110,56
5111,0
5112,8
5113,72
5114,9
5115,14
5116,0
5117,28
5118,9
5119,81
5120,0
5121,0
5122,2
5123,40
5124,0
5125,45
5126,10
5127,9
5128,45
5129,0
5130,9
5131,9
5132,16
5133,10
5134,17
5135,15
5136,11
5137,11
5138,48
5139,35
5140,0
5141,13
5142,0
5143,45
5144,54
5145,48
5146,0
5147,0
5148,10
5149,3
5150,81
5151,30
5152,0
5153,11
5154,56
5155,35
5156,0
5157,36
5158,0
5159,10
5160,13
5161,72
5162,0
5163,24
5164,7
5165,1
5166,45
5167,30
5168,42
5169,8
5170,28
5171,2
5172,45
5173,13
5174,16
5175,17
5176,21
5177,11
5178,8
5179,0
5180,0
5181,81
5182,14
5183,11
5184,30
5185,20
5186,7
5187,27
5188,32
5189,72
5190,0
5191,45
5192,21
5193,0
5194,9
5195,54
5196,49
5197,3
5198,0
5199,5
5200,11
5201,63
5202,8
5203,10
5204,48
5205,14
5206,45
5207,0
5208,45
5209,9
5210,35
5211,27
5212,45
5213,8
5214,48
5215,54
5216,0
5217,17
5218,2
5219,54
5220,0
5221,21
5222,0
5223,54
5224,0
5225,6
5226,16
5227,16
5228,42
5229,36
5230,3
5231,0
5232,10
5233,45
5234,0
5235,30
5236,8
5237,54
5238,45
5239,35
5240,45
5241,54
5242,0
5243,35
5244,72
5245,8
5246,35
5247,21
5248,0
5249,40
5250,12
5251,48
5252,4
5253,0
5254,0
5255,21
5256,64
5257,6
5258,0
5259,24
5260,35
5261,49
5262,1
5263,54
5264,0
5265,54
5266,49
5267,20
5268,8
5269,12
5270,48
5271,63
5272,4
5273,49
5274,63
5275,8
5276,0
5277,21
5278,48
5279,0
5280,35
5281,1
5282,0
5283,12
5284,64
5285,8
5286,40
5287,0
5288,40
5289,7
5290,54
5291,4
5292,15
5293,8
5294,17
5295,24
5296,35
5297,9
5298,16
5299,72
5300,18
5301,42
5302,27
5303,81
5304,1
5305,11
5306,3
5307,12
5308,8
5309,2
5310,49
5311,9
5312,15
5313,28
5314,13
5315,56
5316,56
5317,56
5318,0
5319,10
5320,8
5321,16
5322,56
5323,28
5324,8
5325,9
5326,18
5327,0
5328,17
5329,24
5330,12
5331,8
5332,48
5333,7
5334,63
5335,15
5336,10
5337,8
5338,13
5339,0
5340,0
5341,4
5342,17
5343,10
5344,0
5345,0
5346,1
5347,48
5348,11
5349,8
5350,63
5351,18
5352,0
5353,12
5354,12
5355,0
5356,3
5357,42
5358,0
5359,35
5360,6
5361,13
5362,48
5363,16
5364,45
5365,36
5366,72
5367,35
5368,9
5369,7
5370,7
5371,42
5372,49
5373,5
5374,0
5375,0
5376,48
5377,0
5378,21
5379,3
5380,12
5381,30
5382,54
5383,4
5384,18
5385,17
5386,0
5387,9
5388,16
5389,42
5390,17
5391,42
5392,8
5393,0
5394,0
5395,36
5396,0
5397,36
5398,35
5399,45
5400,6
5401,7
5402,0
5403,45
5404,10
5405,0
5406,4
5407,45
5408,30
5409,12
5410,9
5411,27
5412,64
5413,28
5414,54
5415,63
5416,0
5417,0
5418,40
5419,0
5420,0
5421,0
5422,0
5423,12
5424,63
5425,0
5426,2
5427,6
5428,0
5429,15
5430,21
5431,13
5432,45
5433,0
5434,49
5435,64
5436,63
5437,12
5438,49
5439,30
5440,35
5441,0
5442,48
5443,6
5444,25
5445,5
5446,10
5447,10
5448,24
5449,32
5450,45
5451,6
5452,24
5453,0
5454,2
5455,0
5456,0
5457,0
5458,81
5459,42
5460,45
5461,4
5462,14
5463,9
5464,49
5465,6
5466,0
5467,25
5468,0
5469,21
5470,28
5471,11
5472,48
5473,72
5474,0
5475,10
5476,0
5477,24
5478,21
5479,13
5480,10
5481,32
5482,18
5483,72
5484,56
5485,5
5486,45
5487,0
5488,7
5489,56
5490,30
5491,10
5492,40
5493,8
5494,14
5495,16
5496,2
5497,9
5498,7
5499,8
5500,0
5501,17
5502,27
5503,35
5504,8
5505,15
5506,1
5507,0
5508,13
5509,64
5510,11
5511,16
5512,8
5513,63
5514,32
5515,0
5516,7
5517,35
5518,35
5519,7
5520,1
5521,5
5522,6
5523,28
5524,15
5525,24
5526,10
5527,8
5528,0
5529,54
5530,6
5531,0
5532,30
5533,2
5534,28
5535,8
5536,49
5537,0
5538,56
5539,0
5540,17
5541,8
5542,0
5543,9
5544,10
5545,14
5546,56
5547,13
5548,72
5549,35
5550,0
5551,6
5552,48
5553,25
5554,0
5555,11
5556,42
5557,6
5558,4
5559,45
5560,27
5561,7
5562,6
5563,13
5564,28
5565,9
5566,0
5567,0
5568,72
5569,9
5570,0
5571,15
5572,24
5573,30
5574,49
5575,4
5576,8
5577,0
5578,8
5579,0
5580,21
5581,0
5582,45
5583,0
5584,0
5585,6
5586,0
5587,56
5588,11
5589,9
5590,10
5591,4
5592,30
5593,9
5594,28
5595,45
5596,0
5597,54
5598,81
5599,7
5600,28
5601,81
5602,48
5603,0
5604,35
5605,12
5606,27
5607,10
5608,81
5609,6
5610,0
5611,36
5612,9
5613,35
5614,8
5615,0
5616,9
5617,35
5618,5
5619,17
5620,4
5621,0
5622,8
5623,16
5624,25
5625,27
5626,6
5627,54
5628,5
5629,10
5630,0
5631,9
5632,3
5633,21
5634,35
5635,13
5636,14
5637,0
5638,42
5639,35
5640,0
5641,0
5642,45
5643,15
5644,32
5645,0
5646,1
5647,32
5648,0
5649,6
5650,9
5651,0
5652,35
5653,3
5654,11
5655,11
5656,35
5657,1
5658,15
5659,54
5660,45
5661,0
5662,12
5663,27
5664,45
5665,21
5666,35
5667,30
5668,0
5669,14
5670,9
5671,1
5672,81
5673,7
5674,72
5675,45
5676,0
5677,11
5678,9
5679,42
5680,0
5681,8
5682,10
5683,0
5684,13
5685,30
5686,6
5687,0
5688,0
5689,30
5690,36
5691,0
5692,6
5693,49
5694,14
5695,32
5696,63
5697,6
5698,0
5699,0
5700,49
5701,48
5702,0
5703,0
5704,63
5705,6
5706,9
5707,16
5708,2
5709,13
5710,0
5711,25
5712,12
5713,48
5714,0
5715,72
5716,0
5717,6
5718,10
5719,32
5720,56
5721,0
5722,12
5723,0
5724,0
5725,13
5726,0
5727,36
5728,13
5729,4
5730,16
5731,27
5732,32
5733,63
5734,0
5735,64
5736,45
5737,5
5738,8
5739,0
5740,0
5741,16
5742,5
5743,28
5744,10
5745,24
5746,35
5747,48
5748,25
5749,48
5750,5
5751,0
5752,35
5753,27
5754,72
5755,13
5756,63
5757,9
5758,8
5759,17
5760,81
5761,0
5762,64
5763,8
5764,56
5765,8
5766,6
5767,27
5768,0
5769,0
5770,36
5771,56
5772,0
5773,0
5774,7
5775,30
5776,10
5777,3
5778,7
5779,6
5780,9
5781,0
5782,0
5783,48
5784,0
5785,72
5786,7
5787,0
5788,0
5789,27
5790,12
5791,10
5792,24
5793,24
5794,0
5795,0
5796,7
5797,36
5798,9
5799,10
5800,42
5801,0
5802,28
5803,6
5804,9
5805,13
5806,0
5807,13
5808,32
5809,30
5810,12
5811,30
5812,2
5813,36
5814,4
5815,21
5816,24
5817,13
5818,63
5819,25
5820,4
5821,17
5822,2
5823,0
5824,25
5825,25
5826,64
5827,6
5828,5
5829,0
5830,17
5831,12
5832,6
5833,32
5834,56
5835,9
5836,0
5837,28
5838,24
5839,27
5840,0
5841,6
5842,0
5843,0
5844,11
5845,4
5846,45
5847,32
5848,0
5849,14
5850,8
5851,0
5852,8
5853,36
5854,81
5855,25
5856,45
5857,0
5858,11
5859,1
5860,56
5861,30
5862,18
5863,0
5864,0
5865,40
5866,42
5867,48
5868,30
5869,9
5870,0
5871,14
5872,56
5873,5
5874,9
5875,11
5876,0
5877,0
5878,45
5879,45
5880,12
5881,9
5882,8
5883,5
5884,5
5885,49
5886,35
5887,0
5888,32
5889,7
5890,0
5891,0
5892,0
5893,28
5894,4
5895,72
5896,17
5897,32
5898,21
5899,6
5900,12
5901,7
5902,8
5903,1
5904,14
5905,16
5906,10
5907,1
5908,0
5909,18
5910,16
5911,48
5912,20
5913,0
5914,56
5915,6
5916,45
5917,0
5918,21
5919,35
5920,28
5921,0
5922,18
5923,9
5924,25
5925,4
5926,45
5927,9
5928,5
5929,28
5930,24
5931,54
5932,21
5933,8
5934,11
5935,45
5936,9
5937,13
5938,0
5939,48
5940,2
5941,72
5942,56
5943,16
5944,35
5945,0
5946,10
5947,14
5948,5
5949,7
5950,0
5951,3
5952,45
5953,0
5954,9
5955,28
5956,12
5957,0
5958,6
5959,0
5960,24
5961,15
5962,0
5963,30
5964,0
5965,8
5966,9
5967,64
5968,0
5969,0
5970,15
5971,63
5972,0
5973,0
5974,21
5975,0
5976,1
5977,56
5978,0
5979,4
5980,8
5981,2
5982,16
5983,1
5984,6
5985,6
5986,24
5987,4
5988,8
5989,12
5990,6
5991,32
5992,5
5993,56
5994,9
5995,3
5996,35
5997,5
5998,35
5999,0
6000,12
6001,0
6002,27
6003,0
6004,27
6005,42
6006,0
6007,0
6008,0
6009,32
6010,8
6011,0
6012,72
6013,48
6014,11
6015,35
6016,10
6017,9
6018,7
6019,7
6020,6
6021,16
6022,9
6023,0
6024,7
6025,35
6026,11
6027,12
6028,9
6029,35
6030,0
6031,9
6032,21
6033,8
6034,42
6035,6
6036,25
6037,27
6038,9
6039,32
6040,13
6041,45
6042,0
6043,28
6044,42
6045,0
6046,10
6047,8
6048,0
6049,18
6050,48
6051,18
6052,12
6053,36
6054,14
6055,8
6056,27
6057,56
6058,64
6059,11
6060,0
6061,21
6062,0
6063,4
6064,8
6065,13
6066,13
6067,0
6068,45
6069,12
6070,10
6071,9
6072,8
6073,27
6074,15
6075,5
6076,0
6077,8
6078,6
6079,3
6080,0
6081,6
6082,64
6083,27
6084,16
6085,0
6086,32
6087,20
6088,49
6089,1
6090,42
6091,21
6092,17
6093,0
6094,45
6095,0
6096,8
6097,35
6098,0
6099,2
6100,7
6101,35
6102,63
6103,10
6104,8
6105,24
6106,49
6107,21
6108,0
6109,21
6110,8
6111,28
6112,0
6113,64
6114,0
6115,6
6116,72
6117,20
6118,24
6119,21
6120,10
6121,24
6122,6
6123,17
6124,36
6125,42
6126,40
6127,45
6128,12
6129,8
6130,54
6131,45
6132,30
6133,17
6134,45
6135,28
6136,30
6137,0
6138,0
6139,27
6140,8
6141,0
6142,21
6143,9
6144,0
6145,24
6146,15
6147,0
6148,0
6149,45
6150,1
6151,0
6152,0
6153,9
6154,12
6155,14
6156,48
6157,49
6158,32
6159,0
6160,6
6161,0
6162,0
6163,16
6164,0
6165,81
6166,4
6167,25
6168,11
6169,16
6170,0
6171,72
6172,0
6173,0
6174,28
6175,56
6176,8
6177,2
6178,0
6179,12
6180,21
6181,15
6182,8
6183,16
6184,4
6185,28
6186,10
6187,12
6188,3
6189,8
6190,0
6191,0
6192,49
6193,49
6194,40
6195,63
6196,36
6197,24
6198,17
6199,8
6200,15
6201,12
6202,0
6203,30
6204,0
6205,15
6206,81
6207,81
6208,8
6209,63
6210,9
6211,27
6212,81
6213,35
6214,4
6215,6
6216,15
6217,30
6218,36
6219,40
6220,11
6221,0
6222,45
6223,0
6224,64
6225,14
6226,48
6227,7
6228,72
6229,21
6230,10
6231,36
6232,0
6233,6
6234,0
6235,25
6236,35
6237,0
6238,6
6239,12
6240,11
6241,36
6242,0
6243,49
6244,54
6245,7
6246,35
6247,72
6248,25
6249,45
6250,17
6251,45
6252,42
6253,48
6254,45
6255,35
6256,7
6257,64
6258,27
6259,6
6260,81
6261,25
6262,9
6263,49
6264,9
6265,6
6266,0
6267,49
6268,14
6269,40
6270,0
6271,45
6272,0
6273,6
6274,0
6275,0
6276,11
6277,17
6278,20
6279,42
6280,6
6281,0
6282,49
6283,8
6284,0
6285,0
6286,12
6287,42
6288,6
6289,15
6290,64
6291,32
6292,0
6293,28
6294,25
6295,0
6296,35
6297,24
6298,56
6299,42
6300,63
6301,35
6302,0
6303,0
6304,25
6305,54
6306,9
6307,0
6308,48
6309,15
6310,45
6311,8
6312,4
6313,0
6314,9
6315,56
6316,8
6317,10
6318,7
6319,0
6320,27
6321,12
6322,0
6323,11
6324,16
6325,11
6326,54
6327,1
6328,28
6329,6
6330,8
6331,0
6332,4
6333,10
6334,27
6335,32
6336,32
6337,7
6338,0
6339,1
6340,8
6341,0
6342,9
6343,11
6344,42
6345,54
6346,27
6347,1
6348,15
6349,32
6350,21
6351,0
6352,35
6353,0
6354,49
6355,15
6356,48
6357,54
6358,32
6359,2
6360,0
6361,21
6362,42
6363,24
6364,30
6365,36
6366,0
6367,3
6368,13
6369,56
6370,30
6371,35
6372,72
6373,8
6374,0
6375,0
6376,0
6377,56
6378,0
6379,0
6380,11
6381,18
6382,7
6383,32
6384,48
6385,56
6386,54
6387,54
6388,4
6389,6
6390,49
6391,42
6392,12
6393,8
6394,14
6395,56
6396,63
6397,15
6398,0
6399,0
6400,25
6401,0
6402,14
6403,4
6404,64
6405,6
6406,45
6407,45
6408,12
6409,27
6410,6
6411,14
6412,0
6413,11
6414,0
6415,0
6416,13
6417,1
6418,3
6419,45
6420,13
6421,21
6422,9
6423,0
6424,0
6425,36
6426,35
6427,7
6428,54
6429,0
6430,3
6431,30
6432,36
6433,54
6434,0
6435,48
6436,17
6437,56
6438,45
6439,81
6440,3
6441,6
6442,0
6443,0
6444,28
6445,45
6446,9
6447,0
6448,35
6449,0
6450,48
6451,8
6452,0
6453,6
6454,42
6455,56
6456,56
6457,7
6458,45
6459,81
6460,13
6461,17
6462,18
6463,36
6464,12
6465,7
6466,0
6467,6
6468,0
6469,10
6470,0
6471,17
6472,0
6473,2
6474,0
6475,10
6476,35
6477,7
6478,30
6479,0
6480,63
6481,0
6482,0
6483,36
6484,12
6485,0
6486,9
6487,4
6488,21
6489,6
6490,35
6491,13
6492,36
6493,0
6494,24
6495,48
6496,32
6497,17
6498,42
6499,0
6500,45
6501,48
6502,72
6503,63
6504,27
6505,27
6506,28
6507,8
6508,0
6509,0
6510,45
6511,56
6512,28
6513,12
6514,30
6515,15
6516,72
6517,25
6518,1
6519,81
6520,30
6521,8
6522,0
6523,21
6524,27
6525,15
6526,11
6527,54
6528,54
6529,8
6530,0
6531,24
6532,36
6533,0
6534,10
6535,7
6536,20
6537,12
6538,9
6539,4
6540,0
6541,24
6542,8
6543,9
6544,64
6545,0
6546,2
6547,8
6548,35
6549,28
6550,72
6551,24
6552,45
6553,0
6554,3
6555,63
6556,11
6557,56
6558,32
6559,72
6560,27
6561,0
6562,42
6563,28
6564,7
6565,9
6566,14
6567,0
6568,6
6569,21
6570,9
6571,11
6572,32
6573,1
6574,35
6575,81
6576,1
6577,9
6578,56
6579,32
6580,17
6581,6
6582,9
6583,24
6584,24
6585,0
6586,63
6587,3
6588,45
6589,30
6590,4
6591,2
6592,20
6593,45
6594,5
6595,45
6596,14
6597,28
6598,35
6599,5
6600,8
6601,20
6602,0
6603,0
6604,0
6605,0
6606,27
6607,72
6608,42
6609,0
6610,42
6611,72
6612,17
6613,18
6614,42
6615,40
6616,0
6617,13
6618,4
6619,21
6620,2
6621,27
6622,2
6623,0
6624,17
6625,48
6626,49
6627,0
6628,48
6629,48
6630,28
6631,2
6632,6
6633,0
6634,16
6635,48
6636,48
6637,20
6638,3
6639,5
6640,30
6641,2
6642,12
6643,28
6644,4
6645,1
6646,12
6647,64
6648,45
6649,81
6650,3
6651,17
6652,64
6653,14
6654,0
6655,63
6656,24
6657,0
6658,48
6659,56
6660,45
6661,11
6662,0
6663,0
6664,0
6665,0
6666,42
6667,48
6668,42
6669,30
6670,0
6671,45
6672,16
6673,0
6674,15
6675,7
6676,64
6677,14
6678,17
6679,54
6680,8
6681,13
6682,45
6683,0
6684,8
6685,0
6686,40
6687,48
6688,21
6689,0
6690,17
6691,32
6692,48
6693,25
6694,0
6695,0
6696,0
6697,10
6698,2
6699,9
6700,5
6701,3
6702,15
6703,13
6704,36
6705,72
6706,8
6707,0
6708,0
6709,27
6710,0
6711,42
6712,8
6713,40
6714,0
6715,20
6716,13
6717,64
6718,3
6719,0
6720,24
6721,12
6722,42
6723,0
6724,3
6725,4
6726,35
6727,0
6728,7
6729,0
6730,7
6731,1
6732,45
6733,42
6734,0
6735,42
6736,0
6737,0
6738,49
6739,54
6740,12
6741,24
6742,63
6743,36
6744,0
6745,10
6746,14
6747,6
6748,40
6749,0
6750,8
6751,0
6752,0
6753,12
6754,45
6755,8
6756,45
6757,56
6758,0
6759,0
6760,45
6761,21
6762,0
6763,45
6764,0
6765,16
6766,0
6767,11
6768,64
6769,0
6770,35
6771,7
6772,5
6773,0
6774,12
6775,81
6776,0
6777,35
6778,21
6779,36
6780,28
6781,15
6782,3
6783,72
6784,11
6785,16
6786,36
6787,4
6788,0
6789,72
6790,35
6791,64
6792,24
6793,45
6794,54
6795,24
6796,0
6797,30
6798,13
6799,0
6800,6
6801,64
6802,17
6803,0
6804,28
6805,48
6806,28
6807,0
6808,0
6809,0
6810,11
6811,72
6812,48
6813,20
6814,16
6815,42
6816,27
6817,45
6818,8
6819,0
6820,35
6821,25
6822,81
6823,0
6824,0
6825,13
6826,1
6827,9
6828,8
6829,0
6830,1
6831,28
6832,14
6833,20
6834,56
6835,28
6836,6
6837,0
6838,14
6839,72
6840,17
6841,45
6842,3
6843,0
6844,0
6845,0
6846,0
6847,1
6848,1
6849,17
6850,0
6851,28
6852,64
6853,1
6854,0
6855,10
6856,4
6857,35
6858,45
6859,21
6860,17
6861,12
6862,27
6863,0
6864,56
6865,56
6866,0
6867,0
6868,16
6869,32
6870,7
6871,12
6872,4
6873,0
6874,64
6875,7
6876,49
6877,8
6878,21
6879,63
6880,6
6881,0
6882,64
6883,40
6884,0
6885,0
6886,49
6887,10
6888,0
6889,12
6890,20
6891,17
6892,0
6893,32
6894,0
6895,17
6896,20
6897,9
6898,56
6899,21
6900,12
6901,12
6902,8
6903,45
6904,9
6905,0
6906,15
6907,48
6908,17
6909,7
6910,10
6911,30
6912,14
6913,64
6914,18
6915,30
6916,7
6917,8
6918,8
6919,1
6920,40
6921,25
6922,3
6923,4
6924,30
6925,28
6926,5
6927,42
6928,21
6929,8
6930,17
6931,0
6932,35
6933,13
6934,45
6935,14
6936,20
6937,63
6938,42
6939,0
6940,56
6941,27
6942,63
6943,35
6944,4
6945,4
6946,48
6947,27
6948,21
6949,0
6950,45
6951,27
6952,56
6953,54
6954,0
6955,17
6956,63
6957,8
6958,0
6959,0
6960,12
6961,63
6962,8
6963,12
6964,14
6965,21
6966,0
6967,10
6968,56
6969,17
6970,0
6971,2
6972,0
6973,0
6974,21
6975,15
6976,63
6977,0
6978,25
6979,10
6980,8
6981,0
6982,20
6983,8
6984,11
6985,24
6986,0
6987,5
6988,0
6989,1
6990,2
6991,0
6992,0
6993,0
6994,5
6995,0
6996,7
6997,35
6998,24
6999,5
7000,8
7001,5
7002,30
7003,64
7004,1
7005,6
7006,0
7007,56
7008,40
7009,10
7010,42
7011,0
7012,27
7013,0
7014,0
7015,0
7016,35
7017,54
7018,8
7019,45
7020,10
7021,45
7022,0
7023,45
7024,25
7025,8
7026,35
7027,9
7028,17
7029,0
7030,0
7031,20
7032,10
7033,64
7034,6
7035,5
7036,5
7037,45
7038,10
7039,9
7040,9
7041,17
7042,0
7043,11
7044,36
7045,4
7046,16
7047,0
7048,3
7049,28
7050,24
7051,81
7052,0
7053,36
7054,10
7055,64
7056,30
7057,15
7058,6
7059,63
7060,8
7061,0
7062,0
7063,0
7064,45
7065,0
7066,9
7067,11
7068,32
7069,0
7070,12
7071,17
7072,5
7073,14
7074,56
7075,0
7076,14
7077,5
7078,63
7079,11
7080,32
7081,11
7082,7
7083,8
7084,45
7085,21
7086,0
7087,24
7088,10
7089,20
7090,81
7091,0
7092,0
7093,0
7094,72
7095,48
7096,0
7097,48
7098,64
7099,0
7100,25
7101,8
7102,35
7103,14
7104,30
7105,9
7106,11
7107,25
7108,0
7109,5
7110,18
7111,9
7112,56
7113,35
7114,17
7115,1
7116,5
7117,7
7118,21
7119,15
7120,30
7121,24
7122,9
7123,64
7124,0
7125,20
7126,24
7127,10
7128,9
7129,25
7130,0
7131,42
7132,9
7133,0
7134,56
7135,17
7136,4
7137,45
7138,32
7139,21
7140,16
7141,25
7142,54
7143,13
7144,10
7145,30
7146,63
7147,0
7148,35
7149,32
7150,3
7151,0
7152,8
7153,54
7154,21
7155,7
7156,0
7157,0
7158,8
7159,18
7160,24
7161,0
7162,54
7163,36
7164,40
7165,35
7166,8
7167,0
7168,6
7169,0
7170,30
7171,45
7172,56
7173,9
7174,27
7175,24
7176,6
7177,12
7178,0
7179,5
7180,0
7181,24
7182,0
7183,11
7184,48
7185,6
7186,25
7187,3
7188,13
7189,14
7190,7
7191,12
7192,6
7193,30
7194,40
7195,0
7196,0
7197,0
7198,12
7199,48
7200,16
7201,0
7202,14
7203,32
7204,42
7205,15
7206,63
7207,0
7208,56
7209,25
7210,8
7211,48
7212,0
7213,9
7214,8
7215,17
7216,18
7217,25
7218,0
7219,0
7220,1
7221,8
7222,81
7223,9
7224,9
7225,16
7226,49
7227,8
7228,21
7229,36
7230,32
7231,28
7232,8
7233,9
7234,63
7235,48
7236,9
7237,35
7238,12
7239,35
7240,64
7241,0
7242,30
7243,81
7244,7
7245,0
7246,20
7247,56
7248,72
7249,15
7250,7
7251,14
7252,12
7253,17
7254,0
7255,6
7256,0
7257,42
7258,7
7259,24
7260,42
7261,49
7262,35
7263,1
7264,36
7265,11
7266,17
7267,9
7268,8
7269,63
7270,27
7271,48
7272,63
7273,12
7274,9
7275,49
7276,10
7277,63
7278,21
7279,36
7280,0
7281,20
7282,8
7283,42
7284,5
7285,10
7286,36
7287,8
7288,35
7289,54
7290,30
7291,14
7292,48
7293,5
7294,30
7295,2
7296,10
7297,9
7298,45
7299,28
7300,21
7301,0
7302,6
7303,32
7304,9
7305,0
7306,64
7307,81
7308,0
7309,0
7310,9
7311,21
7312,45
7313,15
7314,6
7315,45
7316,0
7317,0
7318,0
7319,48
7320,25
7321,72
7322,0
7323,0
7324,30
7325,63
7326,48
7327,4
7328,32
7329,12
7330,21
7331,0
7332,30
7333,12
7334,0
7335,40
7336,64
7337,11
7338,11
7339,45
7340,45
7341,20
7342,0
7343,63
7344,0
7345,3
7346,17
7347,0
7348,1
7349,49
7350,40
7351,0
7352,6
7353,13
7354,13
7355,56
7356,16
7357,9
7358,0
7359,18
7360,42
7361,12
7362,17
7363,28
7364,25
7365,35
7366,21
7367,0
7368,0
7369,0
7370,45
7371,0
7372,0
7373,11
7374,4
7375,6
7376,6
7377,56
7378,28
7379,36
7380,64
7381,4
7382,40
7383,42
7384,9
7385,13
7386,0
7387,6
7388,0
7389,48
7390,45
7391,42
7392,10
7393,21
7394,14
7395,32
7396,0
7397,14
7398,0
7399,48
7400,0
7401,45
7402,7
7403,0
7404,16
7405,35
7406,0
7407,25
7408,42
7409,0
7410,12
7411,6
7412,0
7413,15
7414,9
7415,32
7416,24
7417,14
7418,0
7419,6
7420,3
7421,24
7422,42
7423,72
7424,30
7425,36
7426,12
7427,45
7428,64
7429,20
7430,9
7431,15
7432,54
7433,0
7434,48
7435,30
7436,45
7437,56
7438,35
7439,32
7440,0
7441,42
7442,48
7443,49
7444,72
7445,0
7446,5
7447,0
7448,8
7449,27
7450,0
7451,45
7452,0
7453,1
7454,56
7455,0
7456,27
7457,9
7458,14
7459,72
7460,21
7461,0
7462,54
7463,8
7464,0
7465,9
7466,7
7467,5
7468,45
7469,81
7470,12
7471,30
7472,4
7473,13
7474,0
7475,5
7476,45
7477,10
7478,0
7479,3
7480,10
7481,10
7482,0
7483,8
7484,0
7485,0
7486,20
7487,35
7488,12
7489,56
7490,20
7491,0
7492,14
7493,1
7494,17
7495,10
7496,0
7497,63
7498,3
7499,18
7500,10
7501,18
7502,81
7503,0
7504,72
7505,0
7506,12
7507,9
7508,24
7509,63
7510,16
7511,10
7512,10
7513,35
7514,13
7515,42
7516,28
7517,5
7518,35
7519,28
7520,14
7521,4
7522,30
7523,21
7524,11
7525,30
7526,2
7527,0
7528,21
7529,64
7530,6
7531,72
7532,40
7533,0
7534,14
7535,72
7536,45
7537,5
7538,63
7539,72
7540,6
7541,56
7542,15
7543,0
7544,24
7545,21
7546,20
7547,9
7548,0
7549,0
7550,3
7551,10
7552,12
7553,30
7554,0
7555,17
7556,12
7557,56
7558,63
7559,64
7560,17
7561,0
7562,0
7563,0
7564,27
7565,3
7566,9
7567,17
7568,40
7569,1
7570,64
7571,0
7572,0
7573,42
7574,0
7575,0
7576,81
7577,42
7578,16
7579,56
7580,21
7581,0
7582,0
7583,0
7584,40
7585,48
7586,28
7587,0
7588,63
7589,1
7590,2
7591,40
7592,0
7593,0
7594,0
7595,72
7596,54
7597,63
7598,27
7599,18
7600,6
7601,24
7602,35
7603,8
7604,0
7605,4
7606,17
7607,15
7608,6
7609,64
7610,8
7611,36
7612,4
7613,35
7614,64
7615,0
7616,63
7617,72
7618,5
7619,4
7620,1
7621,0
7622,7
7623,16
7624,35
7625,28
7626,0
7627,17
7628,56
7629,56
7630,9
7631,6
7632,63
7633,6
7634,0
7635,0
7636,6
7637,28
7638,6
7639,45
7640,35
7641,0
7642,0
7643,81
7644,0
7645,0
7646,7
7647,56
7648,15
7649,0
7650,63
7651,45
7652,0
7653,8
7654,8
7655,72
7656,6
7657,12
7658,45
7659,9
7660,45
7661,0
7662,9
7663,0
7664,21
7665,0
7666,14
7667,45
7668,72
7669,6
7670,0
7671,28
7672,8
7673,13
7674,63
7675,13
7676,0
7677,81
7678,54
7679,42
7680,81
7681,0
7682,63
7683,63
7684,16
7685,9
7686,14
7687,0
7688,36
7689,25
7690,0
7691,0
7692,21
7693,35
7694,0
7695,45
7696,63
7697,0
7698,48
7699,6
7700,7
7701,0
7702,0
7703,0
7704,18
7705,28
7706,0
7707,5
7708,8
7709,81
7710,3
7711,27
7712,30
7713,0
7714,45
7715,11
7716,6
7717,2
7718,12
7719,9
7720,6
7721,0
7722,16
7723,12
7724,0
7725,21
7726,25
7727,16
7728,0
7729,0
7730,81
7731,9
7732,7
7733,3
7734,48
7735,4
7736,42
7737,21
7738,2
7739,17
7740,9
7741,13
7742,27
7743,7
7744,6
7745,18
7746,42
7747,15
7748,56
7749,20
7750,10
7751,45
7752,64
7753,28
7754,0
7755,45
7756,45
7757,45
7758,25
7759,21
7760,3
7761,10
7762,35
7763,15
7764,13
7765,14
7766,56
7767,7
7768,81
7769,35
7770,0
7771,35
7772,63
7773,0
7774,18
7775,0
7776,40
7777,49
7778,6
7779,0
7780,24
7781,7
7782,45
7783,10
7784,45
7785,11
7786,35
7787,7
7788,24
7789,8
7790,45
7791,0
7792,30
7793,5
7794,8
7795,28
7796,0
7797,0
7798,16
7799,3
7800,1
7801,27
7802,24
7803,0
7804,56
7805,0
7806,0
7807,10
7808,0
7809,0
7810,36
7811,56
7812,56
7813,0
7814,7
7815,4
7816,0
7817,15
7818,81
7819,30
7820,6
7821,49
7822,0
7823,0
7824,54
7825,8
7826,9
7827,45
7828,42
7829,42
7830,10
7831,28
7832,49
7833,10
7834,21
7835,24
7836,48
7837,49
7838,25
7839,0
7840,14
7841,0
7842,0
7843,1
7844,7
7845,9
7846,0
7847,27
7848,0
7849,5
7850,64
7851,24
7852,81
7853,7
7854,0
7855,10
7856,8
7857,35
7858,0
7859,11
7860,0
7861,30
7862,28
7863,36
7864,72
7865,2
7866,7
7867,14
7868,45
7869,5
7870,3
7871,9
7872,12
7873,9
7874,45
7875,49
7876,28
7877,0
7878,21
7879,13
7880,72
7881,20
7882,4
7883,45
7884,17
7885,24
7886,32
7887,7
7888,35
7889,0
7890,45
7891,21
7892,0
7893,14
7894,10
7895,0
7896,15
7897,42
7898,0
7899,0
7900,64
7901,24
7902,6
7903,18
7904,25
7905,0
7906,11
7907,0
7908,0
7909,3
7910,8
7911,40
7912,6
7913,14
7914,0
7915,28
7916,30
7917,10
7918,0
7919,54
7920,64
7921,3
7922,25
7923,28
7924,54
7925,0
7926,0
7927,28
7928,17
7929,81
7930,36
7931,0
7932,63
7933,3
7934,45
7935,30
7936,7
7937,48
7938,0
7939,9
7940,0
7941,11
7942,1
7943,21
7944,0
7945,54
7946,17
7947,81
7948,24
7949,3
7950,0
7951,54
7952,27
7953,0
7954,27
7955,0
7956,64
7957,45
7958,5
7959,30
7960,0
7961,6
7962,12
7963,20
7964,4
7965,20
7966,54
7967,7
7968,63
7969,21
7970,4
7971,21
7972,36
7973,45
7974,0
7975,25
7976,0
7977,16
7978,72
7979,1
7980,8
7981,0
7982,11
7983,8
7984,12
7985,0
7986,24
7987,54
7988,0
7989,6
7990,9
7991,4
7992,8
7993,8
7994,20
7995,64
7996,35
7997,2
7998,9
7999,0
8000,48
8001,14
8002,36
8003,28
8004,12
8005,8
8006,32
8007,30
8008,45
8009,0
8010,9
8011,42
8012,72
8013,81
8014,56
8015,12
8016,48
8017,16
8018,9
8019,56
8020,10
8021,0
8022,56
8023,14
8024,0
8025,45
8026,18
8027,4
8028,45
8029,18
8030,9
8031,10
8032,30
8033,0
8034,36
8035,54
8036,0
8037,45
8038,28
8039,27
8040,9
8041,35
8042,11
8043,25
8044,9
8045,2
8046,6
8047,14
8048,2
8049,28
8050,6
8051,0
8052,16
8053,7
8054,2
8055,0
8056,7
8057,9
8058,18
8059,17
8060,49
8061,45
8062,4
8063,1
8064,5
8065,0
8066,4
8067,54
8068,0
8069,17
8070,0
8071,5
8072,4
8073,6
8074,24
8075,0
8076,0
8077,45
8078,25
8079,72
8080,72
8081,8
8082,20
8083,0
8084,49
8085,1
8086,9
8087,0
8088,40
8089,24
8090,0
8091,0
8092,14
8093,10
8094,64
8095,0
8096,12
8097,0
8098,40
8099,12
8100,0
8101,48
8102,25
8103,9
8104,18
8105,45
8106,35
8107,9
8108,2
8109,11
8110,24
8111,7
8112,63
8113,12
8114,56
8115,32
8116,35
8117,0
8118,3
8119,17
8120,0
8121,7
8122,42
8123,27
8124,30
8125,72
8126,18
8127,30
8128,0
8129,0
8130,63
8131,2
8132,32
8133,0
8134,0
8135,10
8136,15
8137,32
8138,15
8139,49
8140,15
8141,42
8142,45
8143,81
8144,0
8145,42
8146,48
8147,4
8148,21
8149,21
8150,42
8151,0
8152,16
8153,0
8154,14
8155,9
8156,0
8157,45
8158,56
8159,63
8160,5
8161,7
8162,9
8163,54
8164,9
8165,56
8166,12
8167,32
8168,8
8169,35
8170,27
8171,4
8172,21
8173,8
8174,17
8175,27
8176,42
8177,9
8178,18
8179,12
8180,3
8181,45
8182,40
8183,17
8184,56
8185,12
8186,1
8187,11
8188,81
8189,45
8190,12
8191,36
8192,7
8193,48
8194,8
8195,0
8196,0
8197,42
8198,9
8199,1
8200,9
8201,16
8202,17
8203,8
8204,45
8205,16
8206,8
8207,0
8208,36
8209,42
8210,8
8211,27
8212,32
8213,0
8214,0
8215,48
8216,0
8217,12
8218,0
8219,8
8220,17
8221,1
8222,7
8223,20
8224,6
8225,13
8226,0
8227,8
8228,3
8229,45
8230,9
8231,15
8232,45
8233,81
8234,0
8235,10
8236,24
8237,54
8238,0
8239,0
8240,10
8241,24
8242,7
8243,4
8244,0
8245,1
8246,2
8247,35
8248,6
8249,0
8250,8
8251,9
8252,9
8253,0
8254,18
8255,49
8256,7
8257,81
8258,30
8259,1
8260,40
8261,0
8262,0
8263,14
8264,0
8265,14
8266,7
8267,6
8268,14
8269,20
8270,0
8271,0
8272,9
8273,9
8274,36
8275,18
8276,0
8277,35
8278,14
8279,45
8280,0
8281,2
8282,25
8283,7
8284,16
8285,10
8286,17
8287,8
8288,0
8289,0
8290,8
8291,0
8292,8
8293,21
8294,24
8295,3
8296,0
8297,48
8298,35
8299,0
8300,9
8301,21
8302,35
8303,16
8304,8
8305,25
8306,4
8307,6
8308,4
8309,9
8310,8
8311,8
8312,6
8313,8
8314,6
8315,48
8316,0
8317,0
8318,0
8319,0
8320,14
8321,1
8322,63
8323,30
8324,72
8325,4
8326,8
8327,72
8328,36
8329,30
8330,0
8331,27
8332,0
8333,0
8334,0
8335,30
8336,8
8337,16
8338,6
8339,35
8340,17
8341,72
8342,45
8343,81
8344,4
8345,0
8346,0
8347,9
8348,0
8349,0
8350,0
8351,16
8352,0
8353,10
8354,15
8355,0
8356,36
8357,17
8358,72
8359,9
8360,10
8361,0
8362,0
8363,0
8364,40
8365,6
8366,0
8367,18
8368,8
8369,0
8370,0
8371,27
8372,48
8373,45
8374,28
8375,45
8376,11
8377,25
8378,0
8379,56
8380,4
8381,63
8382,8
8383,72
8384,1
8385,28
8386,8
8387,42
8388,0
8389,0
8390,0
8391,0
8392,8
8393,24
8394,48
8395,25
8396,1
8397,48
8398,45
8399,48
8400,4
8401,0
8402,81
8403,3
8404,48
8405,2
8406,42
8407,64
8408,9
8409,8
8410,0
8411,45
8412,30
8413,63
8414,36
8415,0
8416,0
8417,8
8418,0
8419,13
8420,0
8421,13
8422,6
8423,8
8424,0
8425,15
8426,48
8427,54
8428,64
8429,14
8430,9
8431,6
8432,0
8433,32
8434,3
8435,9
8436,3
8437,0
8438,0
8439,7
8440,0
8441,0
8442,9
8443,5
8444,7
8445,15
8446,8
8447,0
8448,13
8449,7
8450,10
8451,17
8452,0
8453,13
8454,56
8455,15
8456,56
8457,24
8458,49
8459,0
8460,35
8461,15
8462,54
8463,18
8464,0
8465,0
8466,1
8467,27
8468,17
8469,17
8470,0
8471,6
8472,0
8473,0
8474,28
8475,3
8476,21
8477,0
8478,8
8479,1
8480,7
8481,0
8482,8
8483,28
8484,81
8485,20
8486,56
8487,0
8488,3
8489,9
8490,6
8491,9
8492,8
8493,35
8494,16
8495,63
8496,1
8497,8
8498,9
8499,56
8500,14
8501,35
8502,0
8503,27
8504,40
8505,42
8506,35
8507,4
8508,9
8509,15
8510,64
8511,6
8512,15
8513,45
8514,45
8515,7
8516,28
8517,10
8518,0
8519,6
8520,48
8521,0
8522,20
8523,81
8524,21
8525,7
8526,35
8527,10
8528,6
8529,45
8530,4
8531,21
8532,28
8533,0
8534,18
8535,72
8536,8
8537,0
8538,40
8539,15
8540,0
8541,17
8542,8
8543,4
8544,12
8545,16
8546,4
8547,0
8548,30
8549,0
8550,11
8551,3
8552,0
8553,1
8554,81
8555,54
8556,0
8557,24
8558,0
8559,0
8560,45
8561,11
8562,36
8563,42
8564,63
8565,5
8566,8
8567,36
8568,56
8569,27
8570,15
8571,0
8572,3
8573,11
8574,0
8575,24
8576,16
8577,12
8578,16
8579,25
8580,13
8581,28
8582,1
8583,7
8584,15
8585,5
8586,35
8587,2
8588,0
8589,27
8590,0
8591,25
8592,0
8593,64
8594,35
8595,10
8596,20
8597,64
8598,6
8599,30
8600,45
8601,42
8602,0
8603,3
8604,3
8605,72
8606,63
8607,10
8608,3
8609,21
8610,15
8611,54
8612,32
8613,6
8614,35
8615,72
8616,15
8617,63
8618,3
8619,0
8620,17
8621,20
8622,42
8623,35
8624,27
8625,40
8626,27
8627,5
8628,14
8629,16
8630,0
8631,25
8632,11
8633,0
8634,0
8635,42
8636,8
8637,7
8638,17
8639,49
8640,20
8641,21
8642,0
8643,32
8644,10
8645,8
8646,8
8647,12
8648,30
8649,20
8650,6
8651,2
8652,0
8653,81
8654,24
8655,35
8656,28
8657,54
8658,0
8659,10
8660,8
8661,49
8662,17
8663,5
8664,4
8665,17
8666,8
8667,21
8668,32
8669,16
8670,0
8671,0
8672,8
8673,7
8674,25
8675,12
8676,1
8677,45
8678,0
8679,0
8680,0
8681,45
8682,13
8683,14
8684,14
8685,7
8686,13
8687,14
8688,28
8689,0
8690,0
8691,0
8692,6
8693,15
8694,13
8695,7
8696,0
8697,0
8698,35
8699,25
8700,0
8701,3
8702,0
8703,10
8704,10
8705,12
8706,17
8707,4
8708,64
8709,12
8710,9
8711,12
8712,28
8713,27
8714,27
8715,9
8716,0
8717,45
8718,14
8719,9
8720,18
8721,9
8722,45
8723,25
8724,54
8725,1
8726,0
8727,12
8728,48
8729,48
8730,81
8731,1
8732,6
8733,0
8734,5
8735,16
8736,25
8737,42
8738,42
8739,0
8740,6
8741,11
8742,36
8743,16
8744,64
8745,42
8746,17
8747,12
8748,3
8749,56
8750,8
8751,15
8752,6
8753,36
8754,8
8755,25
8756,21
8757,45
8758,6
8759,6
8760,16
8761,0
8762,9
8763,30
8764,0
8765,24
8766,56
8767,0
8768,17
8769,18
8770,9
8771,24
8772,28
8773,8
8774,0
8775,24
8776,0
8777,27
8778,45
8779,11
8780,54
8781,0
8782,54
8783,6
8784,8
8785,6
8786,0
8787,27
8788,81
8789,42
8790,42
8791,8
8792,21
8793,36
8794,7
8795,8
8796,3
8797,1
8798,72
8799,27
8800,40
8801,9
8802,0
8803,1
8804,0
8805,0
8806,8
8807,64
8808,28
8809,35
8810,2
8811,15
8812,63
8813,24
8814,7
8815,63
8816,12
8817,6
8818,81
8819,9
8820,6
8821,0
8822,4
8823,12
8824,12
8825,63
8826,6
8827,3
8828,12
8829,18
8830,48
8831,14
8832,0
8833,14
8834,9
8835,81
8836,48
8837,4
8838,21
8839,8
8840,0
8841,2
8842,0
8843,35
8844,64
8845,0
8846,56
8847,16
8848,35
8849,48
8850,48
8851,12
8852,36
8853,81
8854,7
8855,32
8856,3
8857,10
8858,0
8859,0
8860,14
8861,24
8862,25
8863,0
8864,17
8865,13
8866,11
8867,11
8868,3
8869,32
8870,40
8871,0
8872,13
8873,0
8874,25
8875,15
8876,17
8877,3
8878,25
8879,20
8880,11
8881,13
8882,54
8883,35
8884,16
8885,63
8886,9
8887,13
8888,6
8889,9
8890,7
8891,12
8892,13
8893,7
8894,15
8895,0
8896,9
8897,16
8898,0
8899,1
8900,18
8901,9
8902,9
8903,1
8904,36
8905,8
8906,30
8907,9
8908,48
8909,0
8910,2
8911,14
8912,28
8913,13
8914,0
8915,1
8916,36
8917,18
8918,48
8919,14
8920,8
8921,8
8922,0
8923,36
8924,45
8925,16
8926,15
8927,6
8928,1
8929,9
8930,17
8931,7
8932,63
8933,7
8934,5
8935,8
8936,72
8937,17
8938,12
8939,15
8940,56
8941,0
8942,0
8943,10
8944,35
8945,10
8946,28
8947,64
8948,7
8949,8
8950,0
8951,13
8952,12
8953,56
8954,27
8955,6
8956,56
8957,18
8958,0
8959,9
8960,0
8961,14
8962,63
8963,27
8964,1
8965,0
8966,2
8967,8
8968,9
8969,0
8970,56
8971,21
8972,0
8973,24
8974,9
8975,8
8976,0
8977,0
8978,12
8979,63
8980,1
8981,0
8982,21
8983,11
8984,11
8985,63
8986,3
8987,6
8988,54
8989,42
8990,0
8991,0
8992,13
8993,24
8994,6
8995,0
8996,0
8997,10
8998,21
8999,0
9000,11
9001,8
9002,3
9003,14
9004,32
9005,6
9006,18
9007,18
9008,21
9009,6
9010,0
9011,35
9012,45
9013,48
9014,0
9015,14
9016,72
9017,9
9018,3
9019,4
9020,0
9021,7
9022,48
9023,6
9024,0
9025,2
9026,16
9027,12
9028,16
9029,6
9030,2
9031,1
9032,17
9033,5
9034,1
9035,25
9036,24
9037,5
9038,45
9039,35
9040,0
9041,28
9042,0
9043,5
9044,63
9045,54
9046,36
9047,28
9048,0
9049,2
9050,9
9051,49
9052,48
9053,81
9054,49
9055,24
9056,28
9057,48
9058,16
9059,12
9060,0
9061,13
9062,32
9063,30
9064,1
9065,54
9066,4
9067,9
9068,56
9069,0
9070,16
9071,6
9072,54
9073,7
9074,54
9075,0
9076,72
9077,30
9078,21
9079,12
9080,2
9081,40
9082,16
9083,35
9084,6
9085,6
9086,13
9087,36
9088,28
9089,8
9090,10
9091,40
9092,16
9093,11
9094,24
9095,0
9096,21
9097,36
9098,14
9099,4
9100,54
9101,8
9102,0
9103,42
9104,11
9105,54
9106,6
9107,48
9108,18
9109,8
9110,7
9111,18
9112,3
9113,48
9114,16
9115,63
9116,42
9117,28
9118,9
9119,3
9120,45
9121,0
9122,40
9123,8
9124,17
9125,0
9126,5
9127,30
9128,7
9129,0
9130,49
9131,32
9132,0
9133,35
9134,1
9135,35
9136,45
9137,27
9138,8
9139,14
9140,8
9141,63
9142,48
9143,27
9144,54
9145,63
9146,63
9147,17
9148,3
9149,35
9150,6
9151,0
9152,0
9153,0
9154,5
9155,40
9156,49
9157,17
9158,42
9159,20
9160,0
9161,6
9162,35
9163,42
9164,3
9165,81
9166,7
9167,2
9168,5
9169,12
9170,30
9171,8
9172,28
9173,72
9174,48
9175,16
9176,11
9177,45
9178,9
9179,0
9180,25
9181,0
9182,24
9183,1
9184,0
9185,21
9186,32
9187,10
9188,56
9189,21
9190,42
9191,0
9192,0
9193,10
9194,28
9195,64
9196,28
9197,45
9198,64
9199,15
9200,8
9201,9
9202,0
9203,0
9204,45
9205,18
9206,72
9207,0
9208,4
9209,63
9210,9
9211,12
9212,6
9213,32
9214,40
9215,36
9216,0
9217,0
9218,0
9219,30
9220,21
9221,9
9222,0
9223,0
9224,10
9225,0
9226,4
9227,0
9228,7
9229,24
9230,8
9231,25
9232,7
9233,8
9234,81
9235,0
9236,13
9237,10
9238,72
9239,35
9240,45
9241,16
9242,21
9243,42
9244,56
9245,36
9246,0
9247,25
9248,28
9249,45
9250,35
9251,28
9252,48
9253,8
9254,10
9255,20
9256,0
9257,8
9258,21
9259,12
9260,7
9261,56
9262,45
9263,0
9264,8
9265,11
9266,56
9267,27
9268,14
9269,4
9270,30
9271,0
9272,9
9273,11
9274,12
9275,12
9276,40
9277,30
9278,6
9279,0
9280,11
9281,0
9282,10
9283,20
9284,12
9285,0
9286,0
9287,8
9288,32
9289,10
9290,10
9291,45
9292,9
9293,9
9294,7
9295,0
9296,0
9297,3
9298,21
9299,45
9300,0
9301,8
9302,54
9303,9
9304,45
9305,25
9306,56
9307,8
9308,42
9309,0
9310,12
9311,27
9312,9
9313,4
9314,4
9315,48
9316,7
9317,0
9318,21
9319,18
9320,0
9321,4
9322,0
9323,45
9324,2
9325,20
9326,10
9327,0
9328,30
9329,0
9330,18
9331,10
9332,36
9333,54
9334,0
9335,3
9336,0
9337,0
9338,8
9339,40
9340,30
9341,25
9342,54
9343,45
9344,56
9345,64
9346,28
9347,12
9348,42
9349,8
9350,9
9351,6
9352,9
9353,56
9354,11
9355,27
9356,28
9357,42
9358,20
9359,16
9360,0
9361,6
9362,0
9363,10
9364,0
9365,36
9366,12
9367,24
9368,0
9369,13
9370,56
9371,48
9372,27
9373,20
9374,5
9375,9
9376,5
9377,3
9378,0
9379,21
9380,36
9381,5
9382,45
9383,56
9384,0
9385,8
9386,0
9387,13
9388,81
9389,9
9390,35
9391,30
9392,18
9393,32
9394,18
9395,24
9396,8
9397,54
9398,28
9399,81
9400,0
9401,0
9402,64
9403,35
9404,72
9405,14
9406,36
9407,81
9408,1
9409,8
9410,27
9411,12
9412,1
9413,21
9414,0
9415,81
9416,11
9417,30
9418,0
9419,18
9420,0
9421,18
9422,3
9423,20
9424,30
9425,6
9426,30
9427,24
9428,28
9429,48
9430,0
9431,40
9432,9
9433,18
9434,28
9435,15
9436,49
9437,64
9438,20
9439,56
9440,81
9441,63
9442,14
9443,0
9444,10
9445,64
9446,48
9447,7
9448,0
9449,0
9450,0
9451,27
9452,16
9453,81
9454,0
9455,10
9456,14
9457,8
9458,49
9459,30
9460,64
9461,17
9462,0
9463,45
9464,5
9465,48
9466,54
9467,18
9468,36
9469,1
9470,0
9471,49
9472,11
9473,0
9474,0
9475,15
9476,0
9477,14
9478,42
9479,27
9480,17
9481,35
9482,56
9483,64
9484,18
9485,36
9486,8
9487,7
9488,48
9489,28
9490,48
9491,48
9492,35
9493,8
9494,17
9495,28
9496,9
9497,14
9498,16
9499,15
9500,0
9501,6
9502,6
9503,49
9504,5
9505,0
9506,7
9507,0
9508,8
9509,1
9510,25
9511,27
9512,10
9513,0
9514,0
9515,16
9516,42
9517,63
9518,0
9519,11
9520,35
9521,18
9522,0
9523,35
9524,54
9525,45
9526,48
9527,1
9528,3
9529,0
9530,0
9531,45
9532,10
9533,49
9534,0
9535,24
9536,4
9537,24
9538,0
9539,64
9540,40
9541,16
9542,6
9543,3
9544,56
9545,6
9546,0
9547,0
9548,10
9549,28
9550,14
9551,0
9552,16
9553,35
9554,28
9555,64
9556,42
9557,45
9558,0
9559,8
9560,9
9561,36
9562,36
9563,32
9564,32
9565,54
9566,49
9567,13
9568,0
9569,48
9570,14
9571,54
9572,25
9573,9
9574,10
9575,9
9576,30
9577,0
9578,15
9579,10
9580,54
9581,28
9582,21
9583,63
9584,28
9585,4
9586,0
9587,1
9588,17
9589,0
9590,9
9591,7
9592,36
9593,25
9594,0
9595,42
9596,40
9597,21
9598,48
9599,9
9600,9
9601,49
9602,15
9603,56
9604,12
9605,21
9606,0
9607,48
9608,12
9609,0
9610,4
9611,12
9612,12
9613,0
9614,56
9615,42
9616,2
9617,0
9618,35
9619,11
9620,64
9621,4
9622,21
9623,40
9624,0
9625,13
9626,35
9627,12
9628,7
9629,12
9630,8
9631,12
9632,9
9633,16
9634,25
9635,0
9636,25
9637,17
9638,21
9639,16
9640,10
9641,11
9642,45
9643,0
9644,21
9645,56
9646,0
9647,63
9648,21
9649,6
9650,20
9651,64
9652,0
9653,13
9654,8
9655,54
9656,0
9657,36
9658,81
9659,35
9660,56
9661,6
9662,0
9663,12
9664,0
9665,81
9666,30
9667,45
9668,3
9669,0
9670,4
9671,0
9672,14
9673,56
9674,8
9675,35
9676,45
9677,14
9678,48
9679,1
9680,45
9681,0
9682,0
9683,5
9684,0
9685,6
9686,14
9687,54
9688,56
9689,30
9690,1
9691,20
9692,14
9693,4
9694,21
9695,7
9696,0
9697,5
9698,18
9699,0
9700,36
9701,0
9702,81
9703,64
9704,8
9705,36
9706,63
9707,30
9708,9
9709,16
9710,36
9711,0
9712,12
9713,1
9714,7
9715,63
9716,9
9717,35
9718,49
9719,10
9720,6
9721,11
9722,6
9723,72
9724,0
9725,64
9726,81
9727,2
9728,28
9729,11
9730,48
9731,6
9732,35
9733,45
9734,6
9735,7
9736,0
9737,6
9738,28
9739,21
9740,81
9741,8
9742,48
9743,42
9744,25
9745,0
9746,17
9747,36
9748,7
9749,0
9750,28
9751,4
9752,32
9753,20
9754,7
9755,10
9756,14
9757,8
9758,17
9759,16
9760,2
9761,0
9762,40
9763,6
9764,30
9765,45
9766,1
9767,28
9768,7
9769,9
9770,20
9771,6
9772,8
9773,15
9774,0
9775,27
9776,56
9777,45
9778,0
9779,48
9780,0
9781,9
9782,28
9783,15
9784,49
9785,15
9786,32
9787,17
9788,16
9789,16
9790,20
9791,13
9792,18
9793,0
9794,9
9795,7
9796,16
9797,14
9798,0
9799,12
9800,9
9801,72
9802,36
9803,7
9804,0
9805,17
9806,27
9807,0
9808,11
9809,48
9810,8
9811,36
9812,0
9813,0
9814,9
9815,25
9816,3
9817,0
9818,21
9819,7
9820,27
9821,0
9822,54
9823,56
9824,11
9825,8
9826,6
9827,81
9828,0
9829,30
9830,36
9831,13
9832,20
9833,18
9834,0
9835,30
9836,15
9837,7
9838,8
9839,0
9840,0
9841,8
9842,0
9843,2
9844,21
9845,40
9846,30
9847,36
9848,64
9849,3
9850,6
9851,6
9852,45
9853,8
9854,48
9855,6
9856,0
9857,56
9858,4
9859,0
9860,27
9861,12
9862,1
9863,32
9864,0
9865,35
9866,9
9867,0
9868,35
9869,0
9870,17
9871,0
9872,0
9873,0
9874,54
9875,6
9876,49
9877,12
9878,35
9879,8
9880,5
9881,6
9882,0
9883,42
9884,0
9885,45
9886,10
9887,8
9888,4
9889,20
9890,21
9891,0
9892,16
9893,0
9894,8
9895,28
9896,17
9897,72
9898,6
9899,8
9900,45
9901,56
9902,0
9903,45
9904,7
9905,36
9906,13
9907,8
9908,27
9909,64
9910,12
9911,0
9912,64
9913,8
9914,8
9915,0
9916,48
9917,8
9918,56
9919,11
9920,15
9921,8
9922,9
9923,20
9924,45
9925,40
9926,40
9927,0
9928,49
9929,0
9930,0
9931,6
9932,72
9933,45
9934,0
9935,11
9936,1
9937,35
9938,24
9939,0
9940,45
9941,16
9942,1
9943,35
9944,63
9945,64
9946,25
9947,4
9948,45
9949,6
9950,14
9951,72
9952,18
9953,32
9954,8
9955,12
9956,15
9957,6
9958,30
9959,40
9960,0
9961,5
9962,8
9963,12
9964,0
9965,24
9966,0
9967,54
9968,5
9969,0
9970,24
9971,72
9972,9
9973,36
9974,11
9975,0
9976,6
9977,72
9978,8
9979,0
9980,9
9981,48
9982,45
9983,6
9984,0
9985,9
9986,0
9987,6
9988,35
9989,21
9990,36
9991,8
9992,13
9993,40
9994,0
9995,0
9996,30
9997,28
9998,63
9999,17
10000,0